Name,Num,Type.1,Type.2,Total,HP,Attack,Defense,Sp.Atk,Sp.Def,Speed,Generation,Legendary,Rank,Usage.Per,Raw,Raw.Per,Real,Real.Per
SwampertMega,260,Water,Ground,635,100,150,110,95,110,70,3,False,127,0.30316,15140,1.447,10100,1.561
DeoxysDefense,386,Psychic,None,600,50,70,160,70,160,90,3,True,142,0.26262,13091,1.251,8780,1.357
Delphox,655,Fire,Psychic,534,75,69,72,114,100,104,6,False,320,0.03529,7172,0.685,4612,0.713
Tentacool,72,Water,Poison,335,40,40,35,50,100,70,1,False,580,0.00238,197,0.019,144,0.022
Hoppip,187,Grass,Flying,250,35,35,40,35,55,50,2,False,720,0.00051,170,0.016,142,0.022
Snivy,495,Grass,None,308,45,45,55,45,55,63,5,False,723,0.00049,231,0.022,156,0.024
Scatterbug,664,Bug,None,200,38,35,40,27,25,35,6,False,941,0.00000,33,0.003,29,0.004
Ludicolo,272,Water,Grass,480,80,70,70,90,100,70,3,False,356,0.02640,7580,0.724,4200,0.649
Aromatisse,683,Fairy,None,462,101,72,72,99,89,29,6,False,497,0.00727,838,0.080,526,0.081
SalamenceMega,373,Dragon,Flying,700,95,145,130,120,90,120,3,False,47,1.85819,22044,2.106,13926,2.153
Magikarp,129,Water,None,200,20,10,55,15,20,80,1,False,395,0.01926,7620,0.728,2778,0.429
Excadrill,530,Ground,Steel,508,110,135,60,50,65,88,5,False,69,1.15314,19092,1.824,12673,1.959
Pancham,674,Fighting,None,348,67,82,62,46,48,43,6,False,869,0.00004,150,0.014,80,0.012
Stoutland,508,Normal,None,500,85,110,90,45,90,80,5,False,503,0.00664,2322,0.222,1609,0.249
Bergmite,712,Ice,None,304,55,69,85,32,35,28,6,False,779,0.00018,39,0.004,24,0.004
Beautifly,267,Bug,Flying,395,60,70,50,100,50,65,3,False,691,0.00073,502,0.048,309,0.048
Dragonite,149,Dragon,Flying,600,91,134,95,100,100,80,1,False,77,0.92511,38072,3.638,23141,3.577
Cranidos,408,Rock,None,350,67,125,40,30,30,58,4,False,638,0.00137,88,0.008,54,0.008
Torterra,389,Grass,Ground,525,95,109,105,75,85,56,4,False,368,0.02401,8644,0.826,5649,0.873
Chinchou,170,Water,Electric,330,75,38,38,56,56,67,2,False,796,0.00014,47,0.004,23,0.004
Luvdisc,370,Water,None,330,43,30,55,40,65,97,3,False,484,0.00799,1230,0.118,493,0.076
Serperior,497,Grass,None,528,75,75,95,75,95,113,5,False,121,0.32086,28066,2.682,17155,2.652
Typhlosion,157,Fire,None,534,78,84,78,109,85,100,2,False,240,0.06568,8602,0.822,5551,0.858
CameruptMega,323,Fire,Ground,560,70,120,100,145,105,20,3,False,286,0.04770,2757,0.263,1825,0.282
Articuno,144,Ice,Flying,580,90,85,100,95,125,85,1,True,268,0.05351,8120,0.776,4770,0.737
Maractus,556,Grass,None,461,75,86,67,106,67,60,5,False,656,0.00108,907,0.087,586,0.091
ArceusBug,493,Bug,None,720,120,120,120,120,120,120,4,True,313,0.03727,991,0.095,594,0.092
Ninjask,291,Bug,Flying,456,61,90,45,50,50,160,3,False,104,0.49480,32799,3.134,25123,3.883
ArceusFairy,493,Fairy,None,720,120,120,120,120,120,120,4,True,4,34.77931,35545,3.396,24588,3.801
Rapidash,78,Fire,None,500,65,100,70,80,80,105,1,False,437,0.01311,3354,0.320,2087,0.323
PinsirMega,127,Bug,Flying,600,65,155,120,65,90,105,1,False,189,0.13280,6711,0.641,4089,0.632
Munchlax,446,Normal,None,390,135,85,40,40,85,5,4,False,564,0.00310,607,0.058,377,0.058
Smeargle,235,Normal,None,250,55,20,35,20,45,75,2,False,11,14.08146,117318,11.210,69202,10.697
DeoxysSpeed,386,Psychic,None,600,50,95,90,95,90,180,3,True,23,5.66089,19440,1.857,15685,2.425
Dragonair,148,Dragon,None,420,61,84,65,70,70,70,1,False,539,0.00432,1347,0.129,928,0.143
Combee,415,Bug,Flying,244,30,30,42,30,42,70,4,False,639,0.00137,406,0.039,249,0.038
MetagrossMega,376,Steel,Psychic,700,80,145,150,105,110,110,3,False,109,0.43070,25292,2.417,16519,2.553
Mightyena,262,Dark,None,420,70,90,70,60,60,70,3,False,459,0.00998,2162,0.207,1418,0.219
TornadusIncarnate,641,Flying,None,580,79,115,70,125,80,111,5,True,277,0.05054,883,0.084,590,0.091
Talonflame,663,Fire,Flying,499,78,81,71,74,69,126,6,False,149,0.22354,16855,1.610,10341,1.598
Dunsparce,206,Normal,None,415,100,70,70,65,65,45,2,False,365,0.02467,2299,0.220,1192,0.184
Dusclops,356,Ghost,None,455,40,70,130,60,130,25,3,False,259,0.05841,4535,0.433,2835,0.438
Cloyster,91,Water,Ice,525,50,95,180,85,45,70,1,False,91,0.66227,37327,3.567,22532,3.483
Grimer,88,Poison,None,325,80,80,50,40,50,25,1,False,716,0.00054,89,0.009,63,0.010
Azumarill,184,Water,Fairy,420,100,50,80,60,80,50,2,False,160,0.20220,16300,1.557,10554,1.631
Dewott,502,Water,None,413,75,75,60,83,60,60,5,False,711,0.00057,279,0.027,183,0.028
Braviary,628,Normal,Flying,510,100,123,75,57,75,80,5,False,442,0.01259,4008,0.383,2620,0.405
Tynamo,602,Electric,None,275,35,55,40,45,40,60,5,False,903,0.00002,100,0.010,50,0.008
Klinklang,601,Steel,None,520,60,100,115,70,85,90,5,False,262,0.05709,3072,0.294,1916,0.296
Vigoroth,288,Normal,None,440,80,80,80,55,55,90,3,False,662,0.00102,539,0.052,360,0.056
Mothim,414,Bug,Flying,424,70,94,50,94,50,66,4,False,508,0.00635,482,0.046,320,0.049
Cascoon,268,Bug,None,205,50,35,55,25,25,15,3,False,923,0.00001,56,0.005,38,0.006
Xerneas,716,Fairy,None,680,126,131,95,131,98,99,6,True,8,22.90438,86352,8.251,52226,8.073
Omastar,139,Rock,Water,495,70,60,125,115,70,55,1,False,377,0.02211,2867,0.274,2188,0.338
Axew,610,Dragon,None,320,46,87,60,30,40,57,5,False,764,0.00025,301,0.029,221,0.034
CharizardMegaY,6,Fire,Flying,634,78,104,78,159,115,100,1,False,158,0.20407,26480,2.530,17449,2.697
Inkay,686,Dark,Psychic,288,53,54,53,37,46,45,6,False,775,0.00020,265,0.025,179,0.028
Tirtouga,564,Water,Rock,355,54,78,103,53,45,22,5,False,937,0.00000,81,0.008,54,0.008
Raikou,243,Electric,None,580,90,85,75,115,100,115,2,True,257,0.05876,4860,0.464,2981,0.461
Venusaur,3,Grass,Poison,525,80,82,83,100,100,80,1,False,248,0.06168,10632,1.016,6534,1.010
Seadra,117,Water,None,440,55,65,95,95,45,85,1,False,833,0.00009,129,0.012,88,0.014
Throh,538,Fighting,None,465,120,100,85,30,85,45,5,False,626,0.00155,633,0.060,374,0.058
Crawdaunt,342,Water,Dark,468,63,120,85,90,55,55,3,False,316,0.03613,6497,0.621,4246,0.656
GourgeistLarge,711,Ghost,Grass,494,75,95,122,58,75,69,6,False,752,0.00029,81,0.008,55,0.009
LucarioMega,448,Fighting,Steel,625,70,145,88,140,70,112,4,False,94,0.61287,34192,3.267,22052,3.409
Ekans,23,Poison,None,288,35,60,44,40,54,55,1,False,942,0.00000,83,0.008,68,0.011
Gengar,94,Ghost,Poison,500,60,65,60,130,75,110,1,False,75,0.98037,30504,2.915,19370,2.994
Patrat,504,Normal,None,255,45,55,39,35,39,42,5,False,944,0.00000,79,0.008,58,0.009
Bellsprout,69,Grass,Poison,300,50,75,35,70,30,40,1,False,893,0.00003,115,0.011,64,0.010
Remoraid,223,Water,None,300,35,65,35,65,35,65,2,False,939,0.00000,50,0.005,37,0.006
Larvitar,246,Rock,Ground,300,50,64,50,45,50,41,2,False,829,0.00010,78,0.007,48,0.007
Herdier,507,Normal,None,370,65,80,65,35,65,60,5,False,799,0.00014,128,0.012,89,0.014
Sableye,302,Dark,Ghost,380,50,75,75,65,65,50,3,False,169,0.17428,6053,0.578,4242,0.656
Wurmple,265,Bug,None,195,45,45,35,20,30,20,3,False,784,0.00017,114,0.011,51,0.008
Ditto,132,Normal,None,288,48,48,48,48,48,48,1,False,27,4.17177,47089,4.499,16484,2.548
Armaldo,348,Rock,Bug,495,75,125,100,70,80,45,3,False,444,0.01207,2235,0.214,1497,0.231
Weezing,110,Poison,None,490,65,90,120,85,70,60,1,False,322,0.03479,4237,0.405,3101,0.479
Espeon,196,Psychic,None,525,65,65,60,130,95,110,2,False,28,4.08244,42372,4.049,25351,3.919
Pikachu,25,Electric,None,320,35,55,40,50,50,90,1,False,220,0.08700,13903,1.328,9582,1.481
Drilbur,529,Ground,None,328,60,85,40,30,45,68,5,False,872,0.00004,93,0.009,55,0.009
Clefairy,35,Fairy,None,323,70,45,48,60,65,35,1,False,494,0.00749,1600,0.153,997,0.154
Sandslash,28,Ground,None,450,75,100,110,45,55,65,1,False,528,0.00509,1252,0.120,782,0.121
Goomy,704,Dragon,None,300,45,50,35,55,75,40,6,False,885,0.00003,95,0.009,68,0.011
BlastoiseMega,9,Water,None,630,79,103,120,135,115,78,1,False,256,0.05881,11296,1.079,7368,1.139
Croconaw,159,Water,None,405,65,80,80,59,63,58,2,False,889,0.00003,82,0.008,57,0.009
Geodude,74,Rock,Ground,300,40,80,100,30,30,20,1,False,755,0.00028,349,0.033,191,0.030
Torchic,255,Fire,None,310,45,60,40,70,50,45,3,False,556,0.00348,637,0.061,328,0.051
Gallade,475,Psychic,Fighting,518,68,125,65,65,115,80,4,False,352,0.02724,5550,0.530,3455,0.534
Dratini,147,Dragon,None,300,41,64,45,50,50,50,1,False,627,0.00149,123,0.012,102,0.016
Seviper,336,Poison,None,458,73,100,60,100,60,65,3,False,569,0.00279,1168,0.112,731,0.113
Tyranitar,248,Rock,Dark,600,100,134,110,95,100,61,2,False,38,2.43400,24049,2.298,16254,2.513
Volcarona,637,Bug,Fire,550,85,60,65,135,105,100,5,False,132,0.28296,31133,2.975,18620,2.878
Shieldon,410,Rock,Steel,350,30,42,118,42,88,30,4,False,778,0.00019,58,0.006,43,0.007
Carbink,703,Rock,Fairy,500,50,50,150,50,150,50,6,False,172,0.16643,2191,0.209,1493,0.231
Tranquill,520,Normal,Flying,358,62,77,62,50,42,65,5,False,956,0.00000,47,0.004,33,0.005
Charizard,6,Fire,Flying,534,78,84,78,109,85,100,1,False,272,0.05171,9302,0.889,6151,0.951
Probopass,476,Rock,Steel,525,60,55,145,75,150,40,4,False,178,0.15920,3115,0.298,1988,0.307
AbsolMega,359,Dark,None,565,65,150,60,115,60,115,3,False,229,0.07719,8601,0.822,5676,0.877
Ducklett,580,Water,Flying,305,62,44,50,44,50,55,5,False,596,0.00208,726,0.069,252,0.039
RayquazaMega,384,Dragon,Flying,780,105,180,100,180,100,115,3,True,1,58.98165,182793,17.466,111185,17.187
Musharna,518,Psychic,None,487,116,55,85,107,95,29,5,False,470,0.00934,1741,0.166,1098,0.170
Regice,378,Ice,None,580,80,50,100,100,200,50,3,True,406,0.01717,3200,0.306,1931,0.298
Togekiss,468,Fairy,Flying,545,85,50,95,120,115,80,4,False,113,0.39283,32774,3.132,20289,3.136
Ampharos,181,Electric,None,510,90,75,85,115,90,55,2,False,453,0.01074,2935,0.280,1856,0.287
Poochyena,261,Dark,None,220,35,55,35,30,30,35,3,False,922,0.00001,77,0.007,52,0.008
Wynaut,360,Psychic,None,260,95,23,48,23,48,23,3,False,636,0.00138,638,0.061,455,0.070
Scraggy,559,Dark,Fighting,348,50,75,70,35,70,48,5,False,797,0.00014,140,0.013,98,0.015
PumpkabooAverage,710,Ghost,Grass,335,49,66,70,44,55,51,6,False,954,0.00000,61,0.006,33,0.005
Aggron,306,Steel,Rock,530,70,110,180,60,60,50,3,False,298,0.04341,8830,0.844,5935,0.917
Tentacruel,73,Water,Poison,515,80,70,65,80,120,100,1,False,99,0.55602,8004,0.765,5591,0.864
Solosis,577,Psychic,None,290,45,30,40,105,50,20,5,False,608,0.00183,466,0.045,210,0.032
Accelgor,617,Bug,None,495,80,70,40,100,60,145,5,False,324,0.03461,4492,0.429,2954,0.457
Trubbish,568,Poison,None,329,50,50,62,40,62,65,5,False,629,0.00147,445,0.043,343,0.053
Spearow,21,Normal,Flying,262,40,60,30,31,31,70,1,False,953,0.00000,46,0.004,38,0.006
NidoranF,29,Poison,None,275,55,47,52,40,40,41,1,False,943,0.00000,29,0.003,24,0.004
Uxie,480,Psychic,None,580,75,75,130,75,130,95,4,True,299,0.04306,3100,0.296,2480,0.383
Nidorina,30,Poison,None,365,70,62,67,55,55,56,1,False,883,0.00003,98,0.009,71,0.011
Altaria,334,Dragon,Flying,490,75,70,90,70,105,80,3,False,490,0.00770,2485,0.237,1580,0.244
Numel,322,Fire,Ground,305,60,60,40,65,45,35,3,False,722,0.00050,338,0.032,186,0.029
Umbreon,197,Dark,None,525,95,65,110,60,130,65,2,False,114,0.38747,24326,2.324,15081,2.331
Noibat,714,Flying,Dragon,245,40,30,35,45,40,55,6,False,911,0.00001,70,0.007,51,0.008
Kricketune,402,Bug,None,384,77,85,51,55,51,65,4,False,509,0.00625,1854,0.177,1535,0.237
Bagon,371,Dragon,None,300,45,75,60,40,30,50,3,False,887,0.00003,129,0.012,92,0.014
Phanpy,231,Ground,None,330,90,60,60,40,40,40,2,False,538,0.00441,153,0.015,127,0.020
Audino,531,Normal,None,445,103,60,86,60,86,50,5,False,563,0.00316,982,0.094,596,0.092
Amoonguss,591,Grass,Poison,464,114,85,70,85,80,30,5,False,136,0.27733,7288,0.696,4536,0.701
Furret,162,Normal,None,415,85,76,64,45,55,90,2,False,599,0.00203,2408,0.230,1112,0.172
Zoroark,571,Dark,None,510,60,105,60,120,60,105,5,False,101,0.52454,17807,1.701,7589,1.173
Hariyama,297,Fighting,None,474,144,120,60,40,60,50,3,False,425,0.01457,2511,0.240,1705,0.264
Roserade,407,Grass,Poison,515,60,70,65,125,105,90,4,False,226,0.08200,9156,0.875,6174,0.954
Emboar,500,Fire,Fighting,528,110,123,65,100,65,65,5,False,344,0.02834,4731,0.452,3065,0.474
Teddiursa,216,Normal,None,330,60,80,50,50,50,40,2,False,839,0.00009,82,0.008,59,0.009
Quilava,156,Fire,None,405,58,64,58,80,65,80,2,False,559,0.00333,228,0.022,157,0.024
GarchompMega,445,Dragon,Ground,700,108,170,115,120,95,92,4,False,175,0.16474,15575,1.488,9931,1.535
SlowbroMega,80,Water,Psychic,590,95,75,180,130,80,30,1,False,199,0.12112,4075,0.389,2522,0.390
Gligar,207,Ground,Flying,430,65,75,105,35,65,85,2,False,422,0.01479,1129,0.108,828,0.128
Seaking,119,Water,None,450,80,92,65,65,80,68,1,False,661,0.00102,721,0.069,498,0.077
Glalie,362,Ice,None,480,80,80,80,80,80,80,3,False,154,0.21107,3350,0.320,1632,0.252
Elgyem,605,Psychic,None,335,55,55,55,85,55,30,5,False,914,0.00001,82,0.008,45,0.007
Phione,489,Water,None,480,80,80,80,80,80,80,4,False,788,0.00016,263,0.025,140,0.022
Mienshao,620,Fighting,None,510,65,125,60,95,60,105,5,False,296,0.04364,6814,0.651,4508,0.697
Lilligant,549,Grass,None,480,70,60,75,110,75,90,5,False,382,0.02123,4907,0.469,2679,0.414
ArceusGround,493,Ground,None,720,120,120,120,120,120,120,4,True,9,19.95062,19444,1.858,14525,2.245
Froslass,478,Ice,Ghost,480,70,80,70,80,70,110,4,False,273,0.05143,7171,0.685,5121,0.792
GourgeistSmall,711,Ghost,Grass,494,55,85,122,58,75,99,6,False,822,0.00011,226,0.022,146,0.023
Swinub,220,Ice,Ground,250,50,50,40,30,30,50,2,False,760,0.00027,193,0.018,132,0.020
Spoink,325,Psychic,None,330,60,25,35,70,80,60,3,False,853,0.00006,75,0.007,49,0.008
KangaskhanMega,115,Normal,None,590,105,125,100,60,100,100,1,False,59,1.30123,24325,2.324,16521,2.554
Pachirisu,417,Electric,None,405,60,45,70,45,90,95,4,False,477,0.00878,1420,0.136,982,0.152
Gurdurr,533,Fighting,None,405,85,105,85,40,50,40,5,False,591,0.00213,440,0.042,256,0.040
Graveler,75,Rock,Ground,390,55,95,115,45,45,35,1,False,612,0.00175,269,0.026,208,0.032
Bayleef,153,Grass,None,405,60,62,80,63,80,60,2,False,699,0.00067,398,0.038,252,0.039
LandorusTherian,645,Ground,Flying,600,89,145,90,105,80,91,5,True,67,1.17366,19036,1.819,13247,2.048
Burmy,412,Bug,None,224,40,29,45,29,45,36,4,False,948,0.00000,30,0.003,19,0.003
ArceusDragon,493,Dragon,None,720,120,120,120,120,120,120,4,True,89,0.67544,5921,0.566,3536,0.547
RotomFrost,479,Electric,Ice,520,50,65,107,105,107,86,4,False,463,0.00976,1912,0.183,1284,0.198
Mandibuzz,630,Dark,Flying,510,110,65,105,55,95,80,5,False,211,0.09882,6521,0.623,4142,0.640
HoopaUnbound,720,Psychic,Dark,680,80,160,60,170,130,80,6,True,187,0.13998,10432,0.997,6296,0.973
Kirlia,281,Psychic,Fairy,278,38,35,35,65,55,50,3,False,660,0.00103,302,0.029,189,0.029
Goldeen,118,Water,None,320,45,67,60,35,50,63,1,False,910,0.00001,72,0.007,42,0.006
Vibrava,329,Ground,Dragon,340,50,70,50,50,50,70,3,False,547,0.00394,83,0.008,55,0.009
Heracross,214,Bug,Fighting,500,80,125,75,40,95,85,2,False,251,0.06107,7389,0.706,4656,0.720
Mantine,226,Water,Flying,465,65,40,70,80,140,70,2,False,304,0.04173,3460,0.331,2215,0.342
Smoochum,238,Ice,Psychic,305,45,30,15,85,65,65,2,False,884,0.00003,66,0.006,50,0.008
WormadamTrash,413,Bug,Steel,424,60,69,95,69,95,36,4,False,622,0.00159,419,0.040,286,0.044
Liepard,510,Dark,None,446,64,88,50,88,50,106,5,False,235,0.07153,4251,0.406,3110,0.481
Sandshrew,27,Ground,None,300,50,75,85,20,30,40,1,False,595,0.00209,91,0.009,65,0.010
Ralts,280,Psychic,Fairy,198,28,25,25,45,35,40,3,False,663,0.00100,384,0.037,240,0.037
Politoed,186,Water,None,500,90,75,75,90,100,70,2,False,295,0.04439,5109,0.488,3780,0.584
Conkeldurr,534,Fighting,None,505,105,140,95,55,65,45,5,False,231,0.07330,8442,0.807,5536,0.856
ArceusGhost,493,Ghost,None,720,120,120,120,120,120,120,4,True,19,6.96183,13281,1.269,8495,1.313
Venonat,48,Bug,Poison,305,60,55,50,40,55,45,1,False,820,0.00011,201,0.019,148,0.023
Basculin,550,Water,None,460,70,92,65,80,55,98,5,False,653,0.00112,1258,0.120,612,0.095
Scolipede,545,Bug,Poison,485,60,100,89,55,69,112,5,False,26,4.21629,39303,3.755,29812,4.608
Helioptile,694,Electric,Normal,289,44,38,33,61,43,70,6,False,921,0.00001,15,0.001,12,0.002
Alomomola,594,Water,None,470,165,75,80,40,45,65,5,False,173,0.16611,2915,0.279,1818,0.281
SableyeMega,302,Dark,Ghost,480,50,85,125,85,115,20,3,False,64,1.25487,17761,1.697,12889,1.992
Salamence,373,Dragon,Flying,600,95,135,80,110,80,100,3,False,191,0.13110,13840,1.322,8547,1.321
Aron,304,Steel,Rock,330,50,70,100,40,40,30,3,False,119,0.34803,8419,0.804,4267,0.660
Cryogonal,615,Ice,None,485,70,50,30,95,135,105,5,False,360,0.02595,2506,0.239,1563,0.242
Misdreavus,200,Ghost,None,435,60,60,60,85,85,85,2,False,714,0.00055,605,0.058,356,0.055
AltariaMega,334,Dragon,Fairy,590,75,110,110,110,105,80,3,False,224,0.08457,9121,0.872,5685,0.879
Escavalier,589,Bug,Steel,495,70,135,105,60,105,20,5,False,373,0.02248,3265,0.312,2050,0.317
Swirlix,684,Fairy,None,341,62,48,66,59,57,49,6,False,458,0.01014,351,0.034,281,0.043
Quagsire,195,Water,Ground,430,95,85,85,65,65,35,2,False,110,0.40999,7387,0.706,4680,0.723
Regigigas,486,Normal,None,670,110,160,110,80,110,100,4,True,383,0.02121,3978,0.380,2371,0.367
Chimchar,390,Fire,None,309,44,58,44,58,44,61,4,False,772,0.00022,198,0.019,103,0.016
LatiosMega,381,Dragon,Psychic,700,80,130,100,160,120,110,3,True,333,0.03137,4965,0.474,2997,0.463
Lunatone,337,Rock,Psychic,440,70,55,65,95,85,70,3,False,607,0.00184,821,0.078,531,0.082
Sunflora,192,Grass,None,425,75,75,55,105,85,30,2,False,697,0.00068,645,0.062,401,0.062
Jellicent,593,Water,Ghost,480,100,60,70,85,105,60,5,False,282,0.04897,5071,0.485,3299,0.510
Volcanion,721,Fire,Water,600,80,110,120,130,90,70,6,True,217,0.08840,7332,0.701,4902,0.758
Haunter,93,Ghost,Poison,405,45,50,45,115,55,95,1,False,495,0.00745,1158,0.111,821,0.127
Corphish,341,Water,None,308,43,80,65,50,35,35,3,False,774,0.00022,347,0.033,193,0.030
Zubat,41,Poison,Flying,245,40,45,35,30,40,55,1,False,584,0.00233,420,0.040,240,0.037
Rotom,479,Electric,Ghost,440,50,50,77,95,77,91,4,False,408,0.01706,2674,0.255,2003,0.310
Delcatty,301,Normal,None,380,70,65,65,55,55,70,3,False,640,0.00131,1216,0.116,825,0.128
Relicanth,369,Water,Rock,485,100,90,130,45,65,55,3,False,724,0.00048,547,0.052,345,0.053
Loudred,294,Normal,None,360,84,71,43,71,43,48,3,False,801,0.00013,86,0.008,49,0.008
Archen,566,Rock,Flying,401,55,112,45,74,45,70,5,False,934,0.00000,121,0.012,70,0.011
Trevenant,709,Ghost,Grass,474,85,110,76,65,82,56,6,False,250,0.06109,8971,0.857,5306,0.820
PumpkabooLarge,710,Ghost,Grass,335,54,66,70,44,55,46,6,False,945,0.00000,29,0.003,21,0.003
Dwebble,557,Bug,Rock,325,50,65,85,35,35,55,5,False,741,0.00035,170,0.016,128,0.020
Slakoth,287,Normal,None,280,60,60,60,35,35,30,3,False,899,0.00002,141,0.013,70,0.011
Mismagius,429,Ghost,None,495,60,60,60,105,105,105,4,False,305,0.04130,4698,0.449,3005,0.465
Makuhita,296,Fighting,None,237,72,60,30,20,30,25,3,False,930,0.00001,38,0.004,28,0.004
MewtwoMegaY,150,Psychic,None,780,106,150,70,194,120,140,1,True,33,3.38108,36003,3.440,22461,3.472
Dugtrio,51,Ground,None,405,35,80,50,50,70,120,1,False,82,0.85549,13726,1.312,9323,1.441
Swoobat,528,Psychic,Flying,425,67,57,55,77,55,114,5,False,340,0.02916,2875,0.275,1771,0.274
Electrode,101,Electric,None,480,60,50,70,80,80,140,1,False,449,0.01151,4557,0.435,2627,0.406
Vaporeon,134,Water,None,525,130,65,60,110,95,65,1,False,61,1.27893,17358,1.659,10358,1.601
Ursaring,217,Normal,None,500,90,130,75,75,75,55,2,False,481,0.00818,3790,0.362,2353,0.364
Dialga,483,Steel,Dragon,680,100,120,120,150,100,90,4,True,62,1.26625,19560,1.869,12455,1.925
Luxray,405,Electric,None,523,80,120,79,95,79,70,4,False,326,0.03357,8545,0.816,5855,0.905
Magnemite,81,Electric,Steel,325,25,35,70,95,55,45,1,False,236,0.06798,13236,1.265,5313,0.821
Slurpuff,685,Fairy,None,480,82,80,86,85,75,72,6,False,81,0.86702,8872,0.848,5610,0.867
ArceusElectric,493,Electric,None,720,120,120,120,120,120,120,4,True,73,1.11854,5954,0.569,3750,0.580
Swalot,317,Poison,None,467,100,73,83,73,83,55,3,False,544,0.00414,1060,0.101,521,0.081
ThundurusIncarnate,642,Electric,Flying,580,79,115,70,125,80,111,5,True,95,0.59602,4127,0.394,2839,0.439
Finneon,456,Water,None,330,49,49,56,49,61,66,4,False,880,0.00003,45,0.004,30,0.005
Lickitung,108,Normal,None,385,90,55,75,60,75,30,1,False,646,0.00127,332,0.032,198,0.031
Feraligatr,160,Water,None,530,85,105,100,79,83,78,2,False,219,0.08786,10857,1.037,6983,1.079
Cherrim,421,Grass,None,450,70,60,70,87,78,85,4,False,585,0.00226,500,0.048,293,0.045
Drapion,452,Poison,Dark,500,70,90,110,60,75,95,4,False,245,0.06179,11151,1.065,7818,1.208
Florges,671,Fairy,None,552,78,65,68,112,154,75,6,False,271,0.05216,6260,0.598,3666,0.567
Hitmontop,237,Fighting,None,455,50,95,95,35,110,70,2,False,411,0.01675,2250,0.215,1484,0.229
HoundoomMega,229,Dark,Fire,600,75,90,90,140,90,115,2,False,287,0.04732,6804,0.650,4507,0.697
Sawsbuck,586,Normal,Grass,475,80,100,70,60,70,95,5,False,428,0.01411,2297,0.219,1464,0.226
Skuntank,435,Poison,Dark,479,103,93,67,71,61,84,4,False,488,0.00781,1351,0.129,880,0.136
Durant,632,Bug,Steel,484,58,109,112,48,48,109,5,False,171,0.16734,10103,0.965,6769,1.046
Gabite,444,Dragon,Ground,410,68,90,65,50,55,82,4,False,602,0.00199,277,0.026,180,0.028
BlazikenMega,257,Fire,Fighting,630,80,160,80,130,80,100,3,False,86,0.76066,38647,3.693,25436,3.932
Entei,244,Fire,None,580,115,115,85,90,75,100,2,True,185,0.14394,3443,0.329,2202,0.340
Furfrou,676,Normal,None,472,75,80,60,65,90,102,6,False,485,0.00794,2374,0.227,1244,0.192
Krabby,98,Water,None,325,30,105,90,25,25,50,1,False,918,0.00001,187,0.018,88,0.014
Skitty,300,Normal,None,260,50,45,45,35,35,50,3,False,818,0.00011,401,0.038,199,0.031
Eelektrik,603,Electric,None,405,65,85,70,75,70,40,5,False,732,0.00041,106,0.010,75,0.012
Fennekin,653,Fire,None,307,40,45,40,62,60,60,6,False,892,0.00003,186,0.018,139,0.021
Sewaddle,540,Bug,Grass,310,45,53,70,40,60,42,5,False,705,0.00061,156,0.015,139,0.021
Ariados,168,Bug,Poison,390,70,90,70,60,60,40,2,False,319,0.03552,4169,0.398,3555,0.550
Krokorok,552,Ground,Dark,351,60,82,45,45,45,74,5,False,828,0.00010,165,0.016,103,0.016
Ivysaur,2,Grass,Poison,405,60,62,63,80,80,60,1,False,777,0.00020,371,0.035,240,0.037
Castform,351,Normal,None,420,70,70,70,70,70,70,3,False,593,0.00209,1493,0.143,744,0.115
Shroomish,285,Grass,None,295,60,40,60,40,60,35,3,False,905,0.00002,119,0.011,64,0.010
Spiritomb,442,Ghost,Dark,485,50,92,108,92,108,35,4,False,339,0.02955,4901,0.468,3255,0.503
Darkrai,491,Dark,None,600,70,90,90,135,90,125,4,True,54,1.45597,52046,4.973,32419,5.011
Porygon,137,Normal,None,395,65,60,70,85,75,40,1,False,710,0.00057,392,0.037,270,0.042
Vulpix,37,Fire,None,299,38,41,40,50,65,65,1,False,909,0.00001,92,0.009,64,0.010
Tepig,498,Fire,None,308,65,63,45,45,45,45,5,False,867,0.00004,117,0.011,77,0.012
Persian,53,Normal,None,440,65,70,60,65,65,115,1,False,466,0.00943,2451,0.234,1831,0.283
Electrike,309,Electric,None,295,40,45,40,65,40,65,3,False,907,0.00002,45,0.004,30,0.005
Ponyta,77,Fire,None,410,50,85,55,65,65,90,1,False,492,0.00756,249,0.024,165,0.026
Tyrantrum,697,Rock,Dragon,521,82,121,119,69,59,71,6,False,289,0.04709,7710,0.737,4806,0.743
Froakie,656,Water,None,314,41,56,40,62,44,71,6,False,532,0.00480,520,0.050,428,0.066
Leavanny,542,Bug,Grass,500,75,103,80,70,80,92,5,False,133,0.28212,2652,0.253,2030,0.314
Bidoof,399,Normal,None,250,59,45,40,35,40,31,4,False,429,0.01386,3382,0.323,1299,0.201
Magnezone,462,Electric,Steel,535,70,70,115,130,90,60,4,False,157,0.20529,15445,1.476,9951,1.538
Poliwhirl,61,Water,None,385,65,65,65,50,50,90,1,False,843,0.00007,327,0.031,144,0.022
Flareon,136,Fire,None,525,65,130,60,95,110,65,1,False,427,0.01431,4844,0.463,3176,0.491
RotomWash,479,Electric,Water,520,50,65,107,105,107,86,4,False,106,0.45259,17380,1.661,11391,1.761
Petilil,548,Grass,None,280,45,35,50,70,50,30,5,False,896,0.00002,30,0.003,23,0.004
Duskull,355,Ghost,None,295,20,40,90,30,90,25,3,False,645,0.00128,241,0.023,161,0.025
Metagross,376,Steel,Psychic,600,80,135,130,95,90,70,3,False,200,0.12071,14798,1.414,9396,1.452
Noivern,715,Flying,Dragon,535,85,70,80,97,80,123,6,False,241,0.06470,11986,1.145,7761,1.200
ShayminSky,492,Grass,Flying,600,100,103,75,120,75,127,4,True,52,1.49660,25206,2.408,14601,2.257
ScizorMega,212,Bug,Steel,600,70,150,140,65,100,75,2,False,126,0.30648,19156,1.830,12557,1.941
Doduo,84,Normal,Flying,310,35,85,45,35,35,75,1,False,624,0.00158,310,0.030,115,0.018
Lairon,305,Steel,Rock,430,60,90,140,50,50,40,3,False,742,0.00034,292,0.028,187,0.029
Slowking,199,Water,Psychic,490,95,75,80,100,110,30,2,False,430,0.01380,2523,0.241,1617,0.250
Metapod,11,Bug,None,205,50,20,55,25,25,30,1,False,625,0.00156,859,0.082,295,0.046
Karrablast,588,Bug,None,315,50,75,45,40,45,60,5,False,915,0.00001,51,0.005,37,0.006
Pupitar,247,Rock,Ground,410,70,84,70,65,70,51,2,False,735,0.00039,114,0.011,80,0.012
ArceusFlying,493,Flying,None,720,120,120,120,120,120,120,4,True,49,1.71338,3080,0.294,1859,0.287
Treecko,252,Grass,None,310,40,45,35,65,55,70,3,False,610,0.00177,648,0.062,396,0.061
Tangrowth,465,Grass,None,535,100,100,125,110,50,50,4,False,188,0.13596,7635,0.730,4912,0.759
Wooper,194,Water,Ground,210,55,45,45,25,25,15,2,False,734,0.00040,297,0.028,139,0.021
RotomHeat,479,Electric,Fire,520,50,65,107,105,107,86,4,False,216,0.08916,4599,0.439,3151,0.487
Pinsir,127,Bug,None,500,65,125,100,55,70,85,1,False,440,0.01283,1028,0.098,599,0.093
Prinplup,394,Water,None,405,64,66,68,81,76,50,4,False,669,0.00092,95,0.009,67,0.010
Pansage,511,Grass,None,316,50,53,48,53,48,64,5,False,940,0.00000,86,0.008,50,0.008
Skiploom,188,Grass,Flying,340,55,45,50,45,65,80,2,False,871,0.00004,82,0.008,50,0.008
Yveltal,717,Dark,Flying,680,126,131,95,131,98,99,6,True,5,31.96754,51134,4.886,35382,5.469
Whimsicott,547,Grass,Fairy,480,60,67,85,77,75,116,5,False,56,1.40166,15753,1.505,10290,1.591
Ferrothorn,598,Grass,Steel,489,74,94,131,54,116,20,5,False,18,7.77516,45897,4.385,34423,5.321
KyogrePrimal,382,Water,None,770,100,150,90,180,160,90,3,True,10,14.52090,92191,8.809,56981,8.808
Stunfisk,618,Ground,Electric,471,109,66,84,81,99,32,5,False,480,0.00831,1409,0.135,862,0.133
Reshiram,643,Dragon,Fire,680,100,120,100,150,120,90,5,True,123,0.31849,8960,0.856,5690,0.880
AmpharosMega,181,Electric,Dragon,610,90,95,105,165,110,45,2,False,370,0.02360,5958,0.569,3894,0.602
Pidove,519,Normal,Flying,264,50,55,50,36,30,43,5,False,418,0.01547,138,0.013,84,0.013
MedichamMega,308,Fighting,Psychic,510,60,100,85,80,85,100,3,False,261,0.05741,10217,0.976,6581,1.017
Heatran,485,Fire,Steel,600,91,90,106,130,106,77,4,True,112,0.39388,14011,1.339,9408,1.454
Roggenrola,524,Rock,None,280,55,75,85,25,25,15,5,False,782,0.00017,190,0.018,152,0.023
Cresselia,488,Psychic,None,600,120,70,120,75,130,85,4,False,164,0.18864,5476,0.523,3137,0.485
Skorupi,451,Poison,Bug,330,40,50,90,30,55,65,4,False,803,0.00013,78,0.007,44,0.007
Shellder,90,Water,None,305,30,65,100,45,25,40,1,False,790,0.00016,76,0.007,55,0.009
Stantler,234,Normal,None,465,73,95,62,85,65,85,2,False,460,0.00990,1025,0.098,502,0.078
Gothitelle,576,Psychic,None,490,70,55,95,95,110,65,5,False,55,1.45193,4349,0.416,2551,0.394
Farfetch'd,83,Normal,Flying,352,52,65,55,58,62,60,1,False,410,0.01678,1358,0.130,691,0.107
Latias,380,Dragon,Psychic,600,80,80,90,110,130,110,3,True,233,0.07255,3901,0.373,2282,0.353
Weedle,13,Bug,Poison,195,40,35,30,20,20,50,1,False,499,0.00707,507,0.048,256,0.040
Mienfoo,619,Fighting,None,350,45,85,50,55,50,65,5,False,886,0.00003,105,0.010,76,0.012
Lampent,608,Ghost,Fire,370,60,40,60,95,60,55,5,False,795,0.00015,135,0.013,94,0.015
Ho-oh,250,Fire,Flying,680,106,130,90,110,154,90,2,True,16,8.88015,21682,2.072,14447,2.233
Galvantula,596,Bug,Electric,472,70,77,60,97,60,108,5,False,124,0.31548,17346,1.657,14485,2.239
Exploud,295,Normal,None,490,104,91,63,91,73,68,3,False,297,0.04350,5003,0.478,3239,0.501
Jigglypuff,39,Normal,Fairy,270,115,45,20,45,25,20,1,False,616,0.00169,782,0.075,482,0.075
SharpedoMega,319,Water,Dark,560,70,140,70,110,65,105,3,False,312,0.03739,5231,0.500,3314,0.512
Flabebe,669,Fairy,None,303,44,38,39,61,79,42,6,False,950,0.00000,36,0.003,24,0.004
Wigglytuff,40,Normal,Fairy,435,140,70,45,85,50,45,1,False,571,0.00278,2359,0.225,1584,0.245
Crobat,169,Poison,Flying,535,85,90,80,70,80,130,2,False,161,0.19482,21050,2.011,14227,2.199
Tympole,535,Water,None,294,50,50,40,50,40,64,5,False,957,0.00000,17,0.002,17,0.003
Lugia,249,Psychic,Flying,680,106,90,130,90,154,110,2,True,20,6.31254,38677,3.696,23493,3.632
Wobbuffet,202,Psychic,None,405,190,33,58,33,58,33,2,False,117,0.36357,13160,1.257,6701,1.036
Wailord,321,Water,None,500,170,90,45,90,45,60,3,False,489,0.00774,3544,0.339,2091,0.323
Zweilous,634,Dark,Dragon,420,72,85,70,65,70,58,5,False,858,0.00005,259,0.025,160,0.025
HeracrossMega,214,Bug,Fighting,600,80,185,115,40,105,75,2,False,203,0.11277,12010,1.148,7634,1.180
Swablu,333,Normal,Flying,310,45,40,60,40,75,50,3,False,823,0.00011,77,0.007,66,0.010
Cubchoo,613,Ice,None,305,55,70,40,60,40,40,5,False,864,0.00004,115,0.011,84,0.013
Steelix,208,Steel,Ground,510,75,85,200,55,65,30,2,False,372,0.02307,5140,0.491,3762,0.582
ThundurusTherian,642,Electric,Flying,580,79,105,70,145,80,101,5,True,306,0.03972,5459,0.522,3437,0.531
Azurill,298,Normal,Fairy,190,50,20,40,20,40,20,3,False,647,0.00126,176,0.017,94,0.015
KyuremBlack,646,Dragon,Ice,700,125,170,100,120,90,95,5,True,162,0.19369,12989,1.241,7956,1.230
Vileplume,45,Grass,Poison,490,75,80,85,110,90,50,1,False,196,0.12400,2562,0.245,1701,0.263
Lombre,271,Water,Grass,340,60,50,50,60,70,50,3,False,776,0.00020,136,0.013,93,0.014
Palpitoad,536,Water,Ground,384,75,65,55,65,55,69,5,False,830,0.00010,162,0.015,123,0.019
Claydol,344,Ground,Psychic,500,60,70,105,70,120,75,3,False,420,0.01491,2351,0.225,1751,0.271
Spinda,327,Normal,None,360,60,60,60,60,60,60,3,False,416,0.01615,4004,0.383,1768,0.273
Kakuna,14,Bug,Poison,205,45,25,50,25,25,35,1,False,674,0.00088,251,0.024,132,0.020
Reuniclus,579,Psychic,None,490,110,65,75,125,85,30,5,False,300,0.04232,4776,0.456,2907,0.449
PumpkabooSuper,710,Ghost,Grass,335,59,66,70,44,55,41,6,False,924,0.00001,76,0.007,48,0.007
Skrelp,690,Poison,Water,320,50,60,60,60,60,30,6,False,794,0.00015,60,0.006,46,0.007
Igglybuff,174,Normal,Fairy,210,90,30,15,40,20,15,2,False,751,0.00029,78,0.007,57,0.009
Kyogre,382,Water,None,670,100,100,90,150,140,90,3,True,36,3.23116,9932,0.949,6358,0.983
Wartortle,8,Water,None,405,59,63,80,65,80,58,1,False,561,0.00320,704,0.067,439,0.068
Golett,622,Ground,Ghost,303,59,74,50,35,50,35,5,False,932,0.00001,74,0.007,28,0.004
Keldeo,647,Water,Fighting,580,91,72,90,129,90,108,5,False,212,0.09576,6821,0.652,4323,0.668
Absol,359,Dark,None,465,65,130,60,75,60,75,3,False,385,0.02077,3998,0.382,2506,0.387
Blissey,242,Normal,None,540,255,10,10,75,135,55,2,False,76,0.97591,23405,2.236,12739,1.969
Grotle,388,Grass,None,405,75,89,85,55,65,36,4,False,789,0.00016,136,0.013,108,0.017
Slaking,289,Normal,None,670,150,160,100,95,65,100,3,False,266,0.05630,5081,0.485,3057,0.473
Bronzor,436,Steel,Psychic,300,57,24,86,24,86,23,4,False,693,0.00072,169,0.016,133,0.021
Dusknoir,477,Ghost,None,525,45,100,135,65,135,45,4,False,354,0.02686,4910,0.469,3317,0.513
Corsola,222,Water,Rock,380,55,55,85,65,85,35,2,False,542,0.00423,681,0.065,483,0.075
Xatu,178,Psychic,Flying,470,65,75,70,95,70,95,2,False,311,0.03778,3179,0.304,2149,0.332
Shuppet,353,Ghost,None,295,44,75,35,63,33,45,3,False,748,0.00030,110,0.011,93,0.014
Hitmonlee,106,Fighting,None,455,50,120,53,35,110,87,1,False,347,0.02800,6802,0.650,4182,0.646
Trapinch,328,Ground,None,290,45,100,45,45,45,10,3,False,700,0.00066,269,0.026,129,0.020
ArceusIce,493,Ice,None,720,120,120,120,120,120,120,4,True,147,0.24289,2848,0.272,1784,0.276
Kecleon,352,Normal,None,440,60,90,70,60,120,40,3,False,417,0.01565,3298,0.315,1996,0.309
Luxio,404,Electric,None,363,60,85,49,60,49,60,4,False,852,0.00006,86,0.008,62,0.010
Sealeo,364,Ice,Water,410,90,60,70,75,70,45,3,False,747,0.00032,334,0.032,173,0.027
Hippopotas,449,Ground,None,330,68,72,78,38,42,32,4,False,588,0.00216,833,0.080,529,0.082
Azelf,482,Psychic,None,580,75,125,70,125,70,115,4,True,267,0.05396,3240,0.310,2331,0.360
Barboach,339,Water,Ground,288,50,48,43,46,41,60,3,False,578,0.00245,147,0.014,111,0.017
Gothorita,575,Psychic,None,390,60,45,70,75,85,55,5,False,396,0.01917,425,0.041,273,0.042
Nidorino,33,Poison,None,365,61,72,57,55,55,65,1,False,695,0.00069,124,0.012,92,0.014
Aurorus,699,Rock,Ice,521,123,77,72,99,92,58,6,False,496,0.00732,3563,0.340,2263,0.350
Venomoth,49,Bug,Poison,450,70,65,60,90,75,90,1,False,342,0.02864,3119,0.298,2117,0.327
Croagunk,453,Poison,Fighting,300,48,61,40,61,40,50,4,False,765,0.00025,286,0.027,188,0.029
Masquerain,284,Bug,Flying,414,70,60,62,80,82,60,3,False,290,0.04689,2280,0.218,1784,0.276
Suicune,245,Water,None,580,100,75,115,90,115,85,2,True,222,0.08663,7152,0.683,4403,0.681
PidgeotMega,18,Normal,Flying,579,83,80,80,135,80,121,1,False,263,0.05683,7958,0.760,5348,0.827
LopunnyMega,428,Normal,Fighting,580,65,136,94,54,96,135,4,False,118,0.36111,18258,1.745,12805,1.979
Snubbull,209,Fairy,None,300,60,80,50,40,40,30,2,False,808,0.00013,80,0.008,66,0.010
ArceusGrass,493,Grass,None,720,120,120,120,120,120,120,4,True,74,0.98485,3262,0.312,2137,0.330
Doublade,680,Steel,Ghost,448,59,110,150,45,49,35,6,False,412,0.01650,2557,0.244,1726,0.267
Machamp,68,Fighting,None,505,90,130,80,65,85,55,1,False,281,0.04907,11912,1.138,7639,1.181
Blastoise,9,Water,None,530,79,83,100,85,105,78,1,False,303,0.04185,8856,0.846,5851,0.904
Krookodile,553,Ground,Dark,519,95,117,80,65,70,92,5,False,96,0.56166,17106,1.634,10638,1.644
Koffing,109,Poison,None,340,40,65,95,60,45,35,1,False,525,0.00528,291,0.028,184,0.028
Bronzong,437,Steel,Psychic,500,67,89,116,79,116,33,4,False,207,0.10768,5848,0.559,4157,0.643
Kingdra,230,Water,Dragon,540,75,95,95,95,95,85,2,False,252,0.06090,8602,0.822,5406,0.836
Litwick,607,Ghost,Fire,275,50,30,55,65,55,20,5,False,826,0.00011,133,0.013,63,0.010
AudinoMega,531,Normal,Fairy,545,103,60,126,80,126,50,5,False,455,0.01054,2115,0.202,1274,0.197
Unfezant,521,Normal,Flying,488,80,115,80,65,55,93,5,False,535,0.00456,2013,0.192,1359,0.210
Clauncher,692,Water,None,330,50,53,62,58,63,44,6,False,949,0.00000,15,0.001,12,0.002
Charmeleon,5,Fire,None,405,58,64,58,80,65,80,1,False,787,0.00016,333,0.032,229,0.035
Volbeat,313,Bug,None,400,65,73,55,47,75,85,3,False,159,0.20266,2669,0.255,1845,0.285
Gigalith,526,Rock,None,515,85,135,130,60,80,25,5,False,388,0.02052,4352,0.416,3057,0.473
Tauros,128,Normal,None,490,75,100,95,40,70,110,1,False,349,0.02753,3462,0.331,2122,0.328
Exeggcute,102,Grass,Psychic,325,60,40,80,60,45,40,1,False,894,0.00002,141,0.013,108,0.017
Haxorus,612,Dragon,None,540,76,147,90,60,70,97,5,False,221,0.08683,13024,1.244,7907,1.222
Pineco,204,Bug,None,290,50,65,90,35,35,15,2,False,285,0.04783,2831,0.271,1962,0.303
Skiddo,672,Grass,None,350,66,65,48,62,57,52,6,False,926,0.00001,89,0.009,52,0.008
Leafeon,470,Grass,None,525,65,110,130,60,65,95,4,False,386,0.02061,4769,0.456,2925,0.452
GourgeistSuper,711,Ghost,Grass,494,85,100,122,58,75,54,6,False,537,0.00454,1454,0.139,938,0.145
Cyndaquil,155,Fire,None,309,39,52,43,60,50,65,2,False,854,0.00006,131,0.013,91,0.014
GyaradosMega,130,Water,Dark,640,95,155,109,70,130,81,1,False,170,0.16835,12630,1.207,8400,1.298
MewtwoMegaX,150,Psychic,Fighting,780,106,190,100,154,100,130,1,True,41,2.33441,23971,2.290,14918,2.306
Cubone,104,Ground,None,320,50,50,95,40,50,35,1,False,278,0.04968,481,0.046,332,0.051
Seel,86,Water,None,325,65,45,55,45,70,45,1,False,715,0.00055,343,0.033,105,0.016
AggronMega,306,Steel,None,630,70,140,230,60,80,50,3,False,249,0.06165,8437,0.806,5742,0.888
Zangoose,335,Normal,None,458,73,115,60,60,60,90,3,False,367,0.02433,3704,0.354,2278,0.352
Goodra,706,Dragon,None,600,90,100,70,110,150,80,6,False,210,0.10285,14327,1.369,8925,1.380
Fletchinder,662,Fire,Flying,382,62,73,55,56,52,84,6,False,686,0.00077,253,0.024,194,0.030
Genesect,649,Bug,Steel,600,71,120,95,120,95,99,5,False,51,1.54003,17103,1.634,10373,1.603
AlakazamMega,65,Psychic,None,590,55,50,65,175,95,150,1,False,198,0.12179,17189,1.642,10290,1.591
Rhyhorn,111,Ground,Rock,345,80,85,95,30,30,25,1,False,771,0.00023,116,0.011,79,0.012
Breloom,286,Grass,Fighting,460,60,130,80,60,60,70,3,False,100,0.53216,28858,2.757,18033,2.788
Kadabra,64,Psychic,None,400,40,35,30,120,70,105,1,False,672,0.00089,370,0.035,231,0.036
ArceusPoison,493,Poison,None,720,120,120,120,120,120,120,4,True,21,5.92351,7634,0.729,5131,0.793
Bunnelby,659,Normal,None,237,38,36,38,32,36,57,6,False,678,0.00087,286,0.027,147,0.023
Gardevoir,282,Psychic,Fairy,518,68,65,65,125,115,80,3,False,179,0.15730,14309,1.367,8772,1.356
Joltik,595,Bug,Electric,319,50,47,50,57,50,65,5,False,906,0.00002,81,0.008,57,0.009
Venipede,543,Bug,Poison,260,30,45,59,30,39,57,5,False,836,0.00009,83,0.008,55,0.009
Timburr,532,Fighting,None,305,75,80,55,25,35,35,5,False,919,0.00001,19,0.002,14,0.002
Gogoat,673,Grass,None,531,123,100,62,97,81,68,6,False,522,0.00552,2217,0.212,1400,0.216
Boldore,525,Rock,None,390,70,105,105,50,40,20,5,False,754,0.00028,188,0.018,131,0.020
Pawniard,624,Dark,Steel,340,45,85,70,40,40,60,5,False,667,0.00092,181,0.017,133,0.021
Toxicroak,454,Poison,Fighting,490,83,106,65,86,65,85,4,False,328,0.03338,7043,0.673,4758,0.735
Sawk,539,Fighting,None,465,75,125,75,30,75,85,5,False,291,0.04606,8631,0.825,4382,0.677
ArceusSteel,493,Steel,None,720,120,120,120,120,120,120,4,True,12,13.35296,18551,1.773,12489,1.931
Vanillite,582,Ice,None,305,36,50,50,65,60,44,5,False,679,0.00087,181,0.017,128,0.020
Hoothoot,163,Normal,Flying,262,60,30,30,36,56,50,2,False,785,0.00017,50,0.005,39,0.006
Gulpin,316,Poison,None,302,70,43,53,43,53,40,3,False,851,0.00006,38,0.004,27,0.004
Mankey,56,Fighting,None,305,40,80,35,35,45,70,1,False,827,0.00010,486,0.046,303,0.047
Poliwag,60,Water,None,300,40,50,40,40,40,90,1,False,750,0.00029,107,0.010,67,0.010
Jirachi,385,Steel,Psychic,600,100,100,100,100,100,100,3,True,103,0.49522,15228,1.455,8883,1.373
Tyrunt,696,Rock,Dragon,362,58,89,77,45,45,48,6,False,888,0.00003,190,0.018,124,0.019
Slowbro,80,Water,Psychic,490,95,75,110,100,80,30,1,False,337,0.03095,3862,0.369,2327,0.360
DeoxysAttack,386,Psychic,None,600,50,180,20,180,20,150,3,True,17,7.88076,30817,2.945,16828,2.601
Gothita,574,Psychic,None,290,45,30,50,55,65,45,5,False,895,0.00002,31,0.003,27,0.004
Vivillon,666,Bug,Flying,411,80,52,50,90,50,89,6,False,46,1.87494,7168,0.685,3978,0.615
Foongus,590,Grass,Poison,294,69,55,45,55,55,15,5,False,875,0.00003,68,0.006,42,0.006
Combusken,256,Fire,Fighting,405,60,85,60,85,60,55,3,False,502,0.00675,1039,0.099,740,0.114
Octillery,224,Water,None,480,75,105,75,105,75,45,2,False,332,0.03151,2020,0.193,1227,0.190
Magcargo,219,Fire,Rock,410,50,50,120,80,80,30,2,False,590,0.00215,1556,0.149,951,0.147
Hitmonchan,107,Fighting,None,455,50,105,79,35,110,76,1,False,431,0.01372,3863,0.369,2587,0.400
Caterpie,10,Bug,None,195,45,30,35,20,20,45,1,False,630,0.00147,881,0.084,379,0.059
Shiftry,275,Grass,Dark,480,90,100,60,90,60,80,3,False,516,0.00578,2342,0.224,1573,0.243
ArceusNormal,493,Normal,None,720,120,120,120,120,120,120,4,True,7,24.86703,59815,5.715,34326,5.306
Darumaka,554,Fire,None,315,70,90,45,15,45,50,5,False,684,0.00079,226,0.022,126,0.019
Kabutops,141,Rock,Water,495,60,115,105,65,70,80,1,False,362,0.02513,2946,0.281,1851,0.286
Floatzel,419,Water,None,495,85,105,55,85,50,115,4,False,379,0.02201,3481,0.333,2331,0.360
Porygon2,233,Normal,None,515,85,80,90,105,95,60,2,False,163,0.18997,10710,1.023,6561,1.014
Sandile,551,Ground,Dark,292,50,72,35,35,35,65,5,False,554,0.00351,88,0.008,64,0.010
Meowth,52,Normal,None,290,40,45,35,40,40,90,1,False,592,0.00211,487,0.047,312,0.048
Unown,201,Psychic,None,336,48,72,48,72,48,48,2,False,527,0.00516,1093,0.104,360,0.056
Clefable,36,Fairy,None,483,95,70,73,95,90,60,1,False,71,1.12855,37105,3.545,21360,3.302
Scyther,123,Bug,Flying,500,70,110,80,55,80,105,1,False,374,0.02241,3475,0.332,2112,0.326
Abra,63,Psychic,None,310,25,20,15,105,55,90,1,False,644,0.00129,346,0.033,225,0.035
Scizor,212,Bug,Steel,500,70,130,100,55,80,65,2,False,143,0.26043,16290,1.557,10560,1.632
ArceusWater,493,Water,None,720,120,120,120,120,120,120,4,True,22,5.74980,8981,0.858,5869,0.907
Rhydon,112,Ground,Rock,485,105,130,120,45,45,40,1,False,269,0.05313,2808,0.268,2059,0.318
Cofagrigus,563,Ghost,None,483,58,50,145,95,105,30,5,False,254,0.05917,7981,0.763,5720,0.884
Riolu,447,Fighting,None,285,40,70,40,35,40,60,4,False,566,0.00297,1100,0.105,639,0.099
Golduck,55,Water,None,500,80,82,78,95,80,85,1,False,351,0.02735,2213,0.211,1387,0.214
Cobalion,638,Steel,Fighting,580,91,90,129,90,72,108,5,True,432,0.01352,2255,0.215,1501,0.232
Silcoon,266,Bug,None,205,50,35,55,25,25,15,3,False,927,0.00001,55,0.005,34,0.005
Oshawott,501,Water,None,308,55,55,45,63,45,45,5,False,671,0.00089,201,0.019,146,0.023
Zigzagoon,263,Normal,None,240,38,30,41,30,41,60,3,False,769,0.00024,231,0.022,144,0.022
Starly,396,Normal,Flying,245,40,55,30,30,30,60,4,False,550,0.00386,4189,0.400,1134,0.175
GalladeMega,475,Psychic,Fighting,618,68,165,95,65,115,110,4,False,205,0.11015,14858,1.420,9241,1.428
Solrock,338,Rock,Psychic,440,70,95,85,55,65,70,3,False,92,0.64190,1073,0.103,738,0.114
Beartic,614,Ice,None,485,95,110,80,70,80,50,5,False,521,0.00553,1537,0.147,992,0.153
Flygon,330,Ground,Dragon,520,80,100,80,80,80,100,3,False,308,0.03849,9117,0.871,5958,0.921
Horsea,116,Water,None,295,30,40,70,70,25,60,1,False,804,0.00013,81,0.008,39,0.006
Kyurem,646,Dragon,Ice,660,125,130,90,130,90,95,5,True,461,0.00981,2031,0.194,1217,0.188
Registeel,379,Steel,None,580,80,75,150,75,150,50,3,True,353,0.02688,3024,0.289,2051,0.317
Minun,312,Electric,None,405,60,40,50,75,85,95,3,False,692,0.00073,669,0.064,464,0.072
Electivire,466,Electric,None,540,75,123,67,95,85,95,4,False,247,0.06169,13690,1.308,8816,1.363
Jumpluff,189,Grass,Flying,460,75,55,70,55,95,110,2,False,456,0.01047,1788,0.171,1166,0.180
KyuremWhite,646,Dragon,Ice,700,125,120,90,170,100,95,5,True,53,1.46688,12231,1.169,7107,1.099
Watchog,505,Normal,None,420,60,85,69,60,69,77,5,False,701,0.00065,500,0.048,327,0.051
Machoke,67,Fighting,None,405,80,100,70,50,60,45,1,False,606,0.00187,730,0.070,428,0.066
Lotad,270,Water,Grass,220,40,30,30,40,50,30,3,False,793,0.00015,109,0.010,50,0.008
Swampert,260,Water,Ground,535,100,110,90,85,90,60,3,False,284,0.04874,8594,0.821,6023,0.931
Meditite,307,Fighting,Psychic,280,30,40,55,40,55,60,3,False,898,0.00002,183,0.017,123,0.019
Manectric,310,Electric,None,475,70,75,60,105,60,105,3,False,510,0.00624,2013,0.192,1335,0.206
DeoxysNormal,386,Psychic,None,600,50,150,50,150,50,150,3,True,255,0.05904,2597,0.248,1500,0.232
Pidgeot,18,Normal,Flying,479,83,80,75,70,70,101,1,False,398,0.01836,2032,0.194,1432,0.221
Staryu,120,Water,None,340,30,45,55,70,55,85,1,False,908,0.00001,107,0.010,63,0.010
Slowpoke,79,Water,Psychic,315,90,65,65,40,40,15,1,False,780,0.00018,129,0.012,79,0.012
Rayquaza,384,Dragon,Flying,680,105,150,90,150,90,95,3,True,57,1.39825,6383,0.610,3965,0.613
Rufflet,627,Normal,Flying,350,70,83,50,37,50,60,5,False,958,0.00000,69,0.007,54,0.008
Marshtomp,259,Water,Ground,405,70,85,70,60,70,50,3,False,658,0.00104,174,0.017,112,0.017
ArceusFighting,493,Fighting,None,720,120,120,120,120,120,120,4,True,166,0.18826,2032,0.194,1269,0.196
Mesprit,481,Psychic,None,580,80,105,105,105,105,80,4,True,545,0.00400,599,0.057,422,0.065
ArceusDark,493,Dark,None,720,120,120,120,120,120,120,4,True,15,9.50543,9922,0.948,6746,1.043
Houndoom,229,Dark,Fire,500,75,90,50,110,80,95,2,False,424,0.01459,3669,0.351,2476,0.383
Magmortar,467,Fire,None,540,75,95,67,125,95,83,4,False,364,0.02479,5440,0.520,3594,0.556
Malamar,687,Dark,Psychic,482,86,92,88,68,75,73,6,False,230,0.07710,10894,1.041,6711,1.037
Zekrom,644,Dragon,Electric,680,100,150,120,120,100,90,5,True,111,0.40666,12244,1.170,7730,1.195
Baltoy,343,Ground,Psychic,300,40,40,55,40,70,55,3,False,877,0.00003,63,0.006,46,0.007
Quilladin,651,Grass,None,405,61,78,95,56,58,57,6,False,694,0.00071,117,0.011,80,0.012
Eevee,133,Normal,None,325,55,55,50,45,65,55,1,False,50,1.57751,46509,4.444,36946,5.711
Carnivine,455,Grass,None,454,74,100,72,90,72,46,4,False,718,0.00052,522,0.050,316,0.049
Klefki,707,Steel,Fairy,470,57,80,91,80,87,75,6,False,68,1.16808,10817,1.034,6817,1.054
Ambipom,424,Normal,None,482,75,100,66,60,66,115,4,False,190,0.13121,13730,1.312,9285,1.435
Gloom,44,Grass,Poison,395,60,65,70,85,75,40,1,False,841,0.00008,106,0.010,78,0.012
Mareep,179,Electric,None,280,55,40,40,65,45,35,2,False,900,0.00002,62,0.006,39,0.006
WormadamPlant,413,Bug,Grass,424,60,59,85,79,105,36,4,False,882,0.00003,160,0.015,89,0.014
Ledian,166,Bug,Flying,390,55,35,50,55,110,85,2,False,483,0.00801,592,0.057,359,0.055
Purugly,432,Normal,None,452,71,82,64,64,59,112,4,False,536,0.00454,1337,0.128,931,0.144
Girafarig,203,Normal,Psychic,455,70,80,65,90,65,85,2,False,426,0.01440,1280,0.122,864,0.134
Happiny,440,Normal,None,220,100,5,5,15,65,30,4,False,744,0.00033,234,0.022,97,0.015
Charmander,4,Fire,None,309,39,52,43,60,50,65,1,False,738,0.00036,449,0.043,299,0.046
Sliggoo,705,Dragon,None,452,68,75,53,83,113,60,6,False,704,0.00062,254,0.024,169,0.026
CharizardMegaX,6,Fire,Dragon,634,78,130,111,130,85,100,1,False,141,0.26291,40181,3.839,26501,4.096
Bulbasaur,1,Grass,Poison,318,45,49,49,65,65,45,1,False,609,0.00178,1039,0.099,663,0.102
Forretress,205,Bug,Steel,465,75,90,140,60,60,40,2,False,88,0.72341,20281,1.938,17051,2.636
Woobat,527,Psychic,Flying,313,55,45,43,55,43,72,5,False,783,0.00017,81,0.008,44,0.007
Whiscash,340,Water,Ground,468,110,78,73,76,71,60,3,False,519,0.00557,1041,0.099,659,0.102
Hydreigon,635,Dark,Dragon,600,92,105,90,125,90,98,5,False,90,0.66241,15942,1.523,10191,1.575
Illumise,314,Bug,None,400,65,47,55,73,75,85,3,False,531,0.00480,430,0.041,254,0.039
Sneasel,215,Dark,Ice,430,55,95,55,35,75,115,2,False,529,0.00504,892,0.085,624,0.096
Fearow,22,Normal,Flying,442,65,90,65,61,61,100,1,False,579,0.00244,1206,0.115,782,0.121
Glameow,431,Normal,None,310,49,55,42,42,37,85,4,False,935,0.00000,55,0.005,47,0.007
Marowak,105,Ground,None,425,60,80,110,50,80,45,1,False,404,0.01751,2780,0.266,1688,0.261
Beldum,374,Steel,Psychic,300,40,55,80,35,60,30,3,False,860,0.00004,80,0.008,52,0.008
Beheeyem,606,Psychic,None,485,75,75,75,125,95,40,5,False,575,0.00257,1037,0.099,657,0.102
Weavile,461,Dark,Ice,510,70,120,65,45,85,125,4,False,116,0.36751,26190,2.502,18655,2.884
Fraxure,611,Dragon,None,410,66,117,70,40,50,67,5,False,729,0.00043,232,0.022,157,0.024
Cleffa,173,Fairy,None,218,50,25,28,45,55,15,2,False,763,0.00026,205,0.020,87,0.013
Vanilluxe,584,Ice,None,535,71,95,85,110,95,79,5,False,421,0.01491,1806,0.173,1136,0.176
Chimecho,358,Psychic,None,425,65,50,70,95,80,65,3,False,505,0.00660,779,0.074,425,0.066
Snorlax,143,Normal,None,540,160,110,65,65,110,30,1,False,134,0.28041,34087,3.257,20117,3.110
Binacle,688,Rock,Water,306,42,52,67,39,56,50,6,False,897,0.00002,61,0.006,52,0.008
Diggersby,660,Normal,Ground,423,85,56,77,50,77,78,6,False,194,0.12436,3871,0.370,2376,0.367
Mime Jr.,439,Psychic,Fairy,310,20,25,45,70,90,60,4,False,728,0.00044,133,0.013,95,0.015
Skarmory,227,Steel,Flying,465,65,80,140,40,70,70,2,False,34,3.35869,27221,2.601,21637,3.345
Nuzleaf,274,Grass,Dark,340,70,70,40,60,40,60,3,False,890,0.00003,77,0.007,60,0.009
Pyroar,668,Fire,Normal,507,86,68,72,109,66,106,6,False,457,0.01035,2870,0.274,1857,0.287
Spewpa,665,Bug,None,213,45,22,60,27,30,29,6,False,901,0.00002,226,0.022,100,0.015
Gorebyss,368,Water,None,485,55,84,105,114,75,52,3,False,321,0.03519,3031,0.290,2020,0.312
Heliolisk,695,Electric,Normal,481,62,55,52,109,94,109,6,False,346,0.02814,5839,0.558,3734,0.577
VenusaurMega,3,Grass,Poison,625,80,100,123,122,120,80,1,False,139,0.26851,18883,1.804,11891,1.838
Druddigon,621,Dragon,None,485,77,120,90,60,90,48,5,False,355,0.02654,1853,0.177,1351,0.209
Honchkrow,430,Dark,Flying,505,100,125,52,105,52,71,4,False,253,0.06022,6815,0.651,4525,0.699
Gyarados,130,Water,Flying,540,95,125,79,60,100,81,1,False,168,0.17874,15365,1.468,10127,1.565
Stunky,434,Poison,Dark,329,63,63,47,41,41,74,4,False,959,0.00000,26,0.002,23,0.004
Dewgong,87,Water,Ice,475,90,70,80,70,95,70,1,False,560,0.00326,1218,0.116,804,0.124
Diglett,50,Ground,None,265,10,55,25,35,45,95,1,False,473,0.00914,974,0.093,630,0.097
Squirtle,7,Water,None,314,44,48,65,50,64,43,1,False,617,0.00165,902,0.086,564,0.087
Scrafty,560,Dark,Fighting,488,65,90,115,45,115,58,5,False,401,0.01809,6953,0.664,4388,0.678
Carracosta,565,Water,Rock,495,74,108,133,83,65,32,5,False,454,0.01073,2816,0.269,1837,0.284
Blitzle,522,Electric,None,295,45,60,32,50,32,76,5,False,756,0.00027,45,0.004,34,0.005
Starmie,121,Water,Psychic,520,60,75,85,100,85,115,1,False,215,0.09031,10686,1.021,6662,1.030
Gastrodon,423,Water,Ground,475,111,83,68,92,82,39,4,False,197,0.12207,6862,0.656,4367,0.675
Chespin,650,Grass,None,313,56,61,65,48,45,38,6,False,809,0.00012,105,0.010,73,0.011
Frogadier,657,Water,None,405,54,63,52,83,56,97,6,False,737,0.00039,390,0.037,229,0.035
Sudowoodo,185,Rock,None,410,70,100,115,30,65,30,2,False,576,0.00254,1041,0.099,678,0.105
Terrakion,639,Rock,Fighting,580,91,129,90,72,90,108,5,True,182,0.15232,2729,0.261,1792,0.277
Mew,151,Psychic,None,600,100,100,100,100,100,100,1,False,107,0.44626,35093,3.353,18702,2.891
Latios,381,Dragon,Psychic,600,80,90,80,130,110,110,3,True,186,0.14249,7276,0.695,4252,0.657
Miltank,241,Normal,None,490,95,80,105,40,70,100,2,False,317,0.03612,4676,0.447,2764,0.427
Gible,443,Dragon,Ground,300,58,70,45,40,45,42,4,False,814,0.00012,134,0.013,93,0.014
Ferroseed,597,Grass,Steel,305,44,50,91,24,86,10,5,False,543,0.00418,503,0.048,400,0.062
Lanturn,171,Water,Electric,460,125,58,58,76,76,67,2,False,433,0.01328,3466,0.331,2233,0.345
Simisear,514,Fire,None,498,75,98,63,98,63,101,5,False,677,0.00087,1154,0.110,742,0.115
ArceusRock,493,Rock,None,720,120,120,120,120,120,120,4,True,37,2.95444,2822,0.270,2019,0.312
Drifblim,426,Ghost,Flying,498,150,80,44,90,54,80,4,False,40,2.42206,24530,2.344,17956,2.776
MawileMega,303,Steel,Fairy,480,50,105,125,55,95,50,3,False,93,0.62389,13493,1.289,8784,1.358
Shedinja,292,Bug,Ghost,236,1,90,45,30,30,40,3,False,120,0.32873,16648,1.591,9168,1.417
Garchomp,445,Dragon,Ground,600,108,130,95,80,85,102,4,False,97,0.56087,47837,4.571,30417,4.702
Pangoro,675,Fighting,Dark,495,95,124,78,69,71,58,6,False,438,0.01309,3308,0.316,2244,0.347
Palkia,484,Water,Dragon,680,90,120,100,150,120,100,4,True,125,0.31096,11686,1.117,7266,1.123
Linoone,264,Normal,None,420,78,70,61,50,61,100,3,False,279,0.04953,7106,0.679,4204,0.650
Servine,496,Grass,None,413,60,60,75,60,75,83,5,False,766,0.00025,314,0.030,184,0.028
Electabuzz,125,Electric,None,490,65,83,57,95,85,105,1,False,635,0.00139,565,0.054,401,0.062
Samurott,503,Water,None,528,95,100,85,108,70,70,5,False,439,0.01284,5293,0.506,3425,0.529
Huntail,367,Water,None,485,55,104,105,94,75,52,3,False,366,0.02442,1977,0.189,1286,0.199
Victini,494,Psychic,Fire,600,100,100,100,100,100,100,5,True,152,0.21736,12455,1.190,7012,1.084
Mudkip,258,Water,None,310,50,70,50,50,50,40,3,False,727,0.00045,513,0.049,288,0.045
Lumineon,457,Water,None,460,69,69,76,69,86,91,4,False,655,0.00110,420,0.040,292,0.045
ManectricMega,310,Electric,None,575,70,75,80,135,80,135,3,False,213,0.09532,9103,0.870,5864,0.906
Monferno,391,Fire,Fighting,405,64,78,52,78,52,81,4,False,687,0.00076,245,0.023,169,0.026
Vespiquen,416,Bug,Flying,474,70,80,102,80,102,40,4,False,486,0.00788,2539,0.243,1398,0.216
Archeops,567,Rock,Flying,567,75,140,65,112,65,110,5,False,359,0.02597,4501,0.430,3052,0.472
Lopunny,428,Normal,None,480,65,76,84,54,96,105,4,False,407,0.01708,2597,0.248,1716,0.265
Shelmet,616,Bug,None,305,50,40,85,40,65,25,5,False,928,0.00001,113,0.011,69,0.011
HoopaConfined,720,Psychic,Ghost,600,80,110,60,150,130,70,6,True,393,0.01976,1518,0.145,947,0.146
Shuckle,213,Bug,Rock,505,20,10,230,10,230,5,2,False,29,3.99881,42077,4.020,26701,4.127
Simipour,516,Water,None,498,75,98,63,98,63,101,5,False,568,0.00282,826,0.079,551,0.085
Yanma,193,Bug,Flying,390,65,65,45,75,45,95,2,False,848,0.00006,117,0.011,68,0.011
Walrein,365,Ice,Water,530,110,80,90,95,90,65,3,False,478,0.00877,3131,0.299,1897,0.293
Pidgeotto,17,Normal,Flying,349,63,60,55,50,50,71,1,False,792,0.00015,157,0.015,113,0.017
GiratinaAltered,487,Ghost,Dragon,680,150,100,120,100,120,90,4,True,39,2.42385,7589,0.725,4866,0.752
Alakazam,65,Psychic,None,500,55,50,45,135,95,120,1,False,165,0.18855,12912,1.234,7830,1.210
Nosepass,299,Rock,None,375,30,45,135,45,90,30,3,False,227,0.07899,6480,0.619,3349,0.518
Cherubi,420,Grass,None,275,45,35,45,62,53,35,4,False,768,0.00024,147,0.014,101,0.016
Torkoal,324,Fire,None,470,70,85,140,85,70,20,3,False,294,0.04484,4513,0.431,3429,0.530
Drowzee,96,Psychic,None,328,60,48,45,43,90,42,1,False,812,0.00012,125,0.012,58,0.009
Cacturne,332,Grass,Dark,475,70,115,60,115,60,55,3,False,500,0.00706,1893,0.181,1216,0.188
Pelipper,279,Water,Flying,430,60,50,100,85,70,65,3,False,246,0.06173,7063,0.675,5170,0.799
Deino,633,Dark,Dragon,300,52,65,50,45,50,38,5,False,800,0.00013,48,0.005,27,0.004
Kabuto,140,Rock,Water,355,30,80,90,55,45,55,1,False,831,0.00010,51,0.005,33,0.005
Sentret,161,Normal,None,215,35,46,34,35,45,20,2,False,816,0.00012,209,0.020,74,0.011
Diancie,719,Rock,Fairy,600,50,100,150,100,150,50,6,True,409,0.01693,1439,0.137,937,0.145
Dodrio,85,Normal,Flying,460,60,110,70,60,60,100,1,False,447,0.01174,2480,0.237,1467,0.227
Sharpedo,319,Water,Dark,460,70,120,40,95,40,95,3,False,318,0.03593,4500,0.430,2549,0.394
Buneary,427,Normal,None,350,55,66,44,44,56,85,4,False,651,0.00116,676,0.065,290,0.045
DiancieMega,719,Rock,Fairy,700,50,160,110,160,110,110,6,True,84,0.82896,13579,1.297,9314,1.440
Bastiodon,411,Rock,Steel,495,60,52,168,47,138,30,4,False,244,0.06376,3134,0.299,2280,0.352
Cacnea,331,Grass,None,335,50,85,40,85,40,35,3,False,666,0.00093,97,0.009,50,0.008
Seismitoad,537,Water,Ground,509,105,95,75,85,75,74,5,False,323,0.03467,4105,0.392,2776,0.429
Amaura,698,Rock,Ice,362,77,59,50,67,63,46,6,False,920,0.00001,83,0.008,69,0.011
Lileep,345,Rock,Grass,355,66,41,77,61,87,23,3,False,676,0.00087,141,0.013,95,0.015
Dustox,269,Bug,Poison,385,60,50,70,50,90,65,3,False,601,0.00200,692,0.066,406,0.063
Golem,76,Rock,Ground,495,80,120,130,55,65,45,1,False,363,0.02486,3899,0.373,2411,0.373
GlalieMega,362,Ice,None,580,80,120,80,120,80,100,3,False,331,0.03197,2936,0.281,1803,0.279
Grumpig,326,Psychic,None,470,80,45,65,90,110,80,3,False,515,0.00578,910,0.087,583,0.090
Muk,89,Poison,None,500,105,105,75,65,100,50,1,False,390,0.02028,2714,0.259,1761,0.272
Frillish,592,Water,Ghost,335,55,40,50,65,85,40,5,False,874,0.00004,243,0.023,145,0.022
Drifloon,425,Ghost,Flying,348,90,50,34,60,44,70,4,False,859,0.00005,147,0.014,114,0.018
Poliwrath,62,Water,Fighting,510,90,95,95,70,90,70,1,False,400,0.01829,3532,0.337,2204,0.341
Oddish,43,Grass,Poison,320,45,50,55,75,65,30,1,False,879,0.00003,142,0.014,95,0.015
Abomasnow,460,Grass,Ice,494,90,92,75,92,85,60,4,False,493,0.00755,2074,0.198,1391,0.215
Mamoswine,473,Ice,Ground,530,110,130,80,70,60,80,4,False,108,0.44100,15316,1.463,7866,1.216
Pidgey,16,Normal,Flying,251,40,45,40,35,35,56,1,False,703,0.00063,298,0.028,172,0.027
Ninetales,38,Fire,None,505,73,76,75,81,100,100,1,False,314,0.03725,7038,0.672,4705,0.727
Manaphy,490,Water,None,600,100,100,100,100,100,100,4,False,260,0.05775,7514,0.718,4533,0.701
Emolga,587,Electric,Flying,428,55,75,60,75,60,103,5,False,518,0.00566,2262,0.216,1553,0.240
Cradily,346,Rock,Grass,495,86,81,97,81,107,43,3,False,397,0.01863,3442,0.329,2141,0.331
Bellossom,182,Grass,None,490,75,80,95,90,100,50,2,False,553,0.00367,1272,0.122,746,0.115
Pansear,513,Fire,None,316,50,53,48,53,48,64,5,False,824,0.00011,56,0.005,41,0.006
PumpkabooSmall,710,Ghost,Grass,335,44,66,70,44,55,56,6,False,951,0.00000,4,0.000,4,0.001
Spheal,363,Ice,Water,290,70,40,50,55,50,25,3,False,933,0.00000,129,0.012,65,0.010
Duosion,578,Psychic,None,370,65,40,50,125,60,30,5,False,758,0.00027,121,0.012,74,0.011
ArceusFire,493,Fire,None,720,120,120,120,120,120,120,4,True,72,1.12643,4487,0.429,2845,0.440
ArceusPsychic,493,Psychic,None,720,120,120,120,120,120,120,4,True,270,0.05231,1792,0.171,1119,0.173
Qwilfish,211,Water,Poison,430,65,95,75,55,55,85,2,False,361,0.02545,2771,0.265,1446,0.224
Marill,183,Water,Fairy,250,70,20,50,20,50,40,2,False,810,0.00012,197,0.019,149,0.023
Gliscor,472,Ground,Flying,510,75,95,125,45,75,95,4,False,79,0.89225,41801,3.994,27549,4.258
Piplup,393,Water,None,314,53,51,53,61,56,40,4,False,821,0.00011,304,0.029,185,0.029
Natu,177,Psychic,Flying,320,40,50,45,70,45,70,2,False,721,0.00050,269,0.026,160,0.025
Whismur,293,Normal,None,240,64,51,23,51,23,28,3,False,817,0.00012,47,0.004,37,0.006
Kangaskhan,115,Normal,None,490,105,95,80,40,80,90,1,False,482,0.00803,1034,0.099,610,0.094
Paras,46,Bug,Grass,285,35,70,55,45,55,25,1,False,628,0.00148,410,0.039,220,0.034
GardevoirMega,282,Psychic,Fairy,618,68,85,65,165,135,100,3,False,183,0.14838,22403,2.141,13710,2.119
Minccino,572,Normal,None,300,55,50,40,40,40,75,5,False,904,0.00002,80,0.008,50,0.008
Aipom,190,Normal,None,360,55,70,55,40,55,85,2,False,713,0.00055,526,0.050,388,0.060
Snover,459,Grass,Ice,334,60,62,50,62,60,40,4,False,866,0.00004,92,0.009,54,0.008
GengarMega,94,Ghost,Poison,600,60,65,80,170,95,130,1,False,14,9.67649,38713,3.699,25596,3.957
WormadamSandy,413,Bug,Ground,424,60,79,105,59,85,36,4,False,565,0.00300,220,0.021,152,0.023
Virizion,640,Grass,Fighting,580,91,90,72,90,129,108,5,True,413,0.01650,2041,0.195,1333,0.206
Mantyke,458,Water,Flying,345,45,20,50,60,120,50,4,False,712,0.00056,185,0.018,136,0.021
Magneton,82,Electric,Steel,465,50,60,95,120,70,70,1,False,441,0.01259,2074,0.198,1392,0.215
Tangela,114,Grass,None,435,65,55,115,100,40,60,1,False,452,0.01088,682,0.065,428,0.066
Eelektross,604,Electric,None,515,85,115,80,105,80,50,5,False,343,0.02857,9745,0.931,6645,1.027
Chansey,113,Normal,None,450,250,5,5,35,105,50,1,False,31,3.72565,34763,3.322,19648,3.037
Meganium,154,Grass,None,525,80,82,100,83,100,80,2,False,476,0.00880,3314,0.317,2031,0.314
Taillow,276,Normal,Flying,270,40,55,30,30,30,85,3,False,201,0.11686,3227,0.308,1259,0.195
Carvanha,318,Water,Dark,305,45,90,20,65,20,65,3,False,736,0.00039,90,0.009,61,0.009
GourgeistAverage,711,Ghost,Grass,494,65,90,122,58,75,84,6,False,604,0.00198,382,0.036,270,0.042
Porygon-Z,474,Normal,None,535,85,80,70,135,75,90,4,False,130,0.29286,18226,1.741,10756,1.663
Munna,517,Psychic,None,292,76,25,45,67,55,24,5,False,878,0.00003,25,0.002,17,0.003
Tropius,357,Grass,Flying,460,99,68,83,72,87,51,3,False,506,0.00650,2746,0.262,1615,0.250
Zebstrika,523,Electric,None,497,75,100,63,80,63,116,5,False,491,0.00760,1896,0.181,1302,0.201
Parasect,47,Bug,Grass,405,60,95,80,60,80,30,1,False,562,0.00320,1248,0.119,742,0.115
Hypno,97,Psychic,None,483,85,73,70,73,115,67,1,False,504,0.00660,1825,0.174,1126,0.174
Golbat,42,Poison,Flying,455,75,80,70,65,75,90,1,False,634,0.00139,650,0.062,407,0.063
Chatot,441,Normal,Flying,411,76,65,45,92,42,91,4,False,327,0.03356,3928,0.375,2303,0.356
Braixen,654,Fire,None,409,59,59,58,90,70,73,6,False,572,0.00277,997,0.095,676,0.104
Magmar,126,Fire,None,495,65,95,57,100,85,93,1,False,548,0.00392,777,0.074,552,0.085
Jolteon,135,Electric,None,525,65,65,60,110,95,130,1,False,181,0.15427,20332,1.943,13671,2.113
Groudon,383,Ground,None,670,100,150,140,100,90,90,3,True,70,1.13865,4550,0.435,2967,0.459
Staravia,397,Normal,Flying,340,55,75,50,40,40,80,4,False,835,0.00009,280,0.027,119,0.018
Rattata,19,Normal,None,253,30,56,35,25,35,72,1,False,232,0.07258,25449,2.432,8124,1.256
Granbull,210,Fairy,None,450,90,120,75,60,60,45,2,False,389,0.02044,2752,0.263,1817,0.281
Jynx,124,Ice,Psychic,455,65,50,35,115,95,95,1,False,541,0.00425,1724,0.165,1116,0.173
Lapras,131,Water,Ice,535,130,85,80,85,95,60,1,False,265,0.05631,12075,1.154,7752,1.198
Celebi,251,Psychic,Grass,600,100,100,100,100,100,100,2,False,309,0.03807,5966,0.570,3723,0.575
Butterfree,12,Bug,Flying,395,60,45,50,90,80,70,1,False,479,0.00862,2739,0.262,1799,0.278
Victreebel,71,Grass,Poison,490,80,105,65,100,70,70,1,False,517,0.00571,2284,0.218,1410,0.218
GroudonPrimal,383,Ground,Fire,770,100,180,160,150,90,90,3,True,2,46.29352,135323,12.930,94976,14.681
Shinx,403,Electric,None,263,45,65,34,40,34,45,4,False,936,0.00000,86,0.008,61,0.009
Primeape,57,Fighting,None,455,65,105,60,60,70,95,1,False,534,0.00456,2817,0.269,1893,0.293
Espurr,677,Psychic,None,355,62,48,54,63,60,68,6,False,912,0.00001,39,0.004,24,0.004
BanetteMega,354,Ghost,None,555,64,165,75,93,83,75,3,False,177,0.16026,6251,0.597,3961,0.612
Pichu,172,Electric,None,205,20,40,15,35,35,60,2,False,648,0.00125,534,0.051,358,0.055
Budew,406,Grass,Poison,280,40,30,35,50,70,55,4,False,913,0.00001,82,0.008,66,0.010
Sunkern,191,Grass,None,180,30,30,30,30,30,30,2,False,621,0.00160,501,0.048,271,0.042
Banette,354,Ghost,None,455,64,115,65,83,63,65,3,False,597,0.00206,776,0.074,498,0.077
Greninja,658,Water,Dark,530,72,95,67,103,71,122,6,False,44,2.15042,44007,4.205,27609,4.268
Zorua,570,Dark,None,330,40,65,40,80,40,65,5,False,583,0.00234,314,0.030,122,0.019
AerodactylMega,142,Rock,Flying,615,80,135,85,70,95,150,1,False,146,0.24666,8267,0.790,5343,0.826
Donphan,232,Ground,None,500,90,120,120,60,60,50,2,False,242,0.06459,5307,0.507,3888,0.601
Wailmer,320,Water,None,400,130,70,35,70,35,60,3,False,773,0.00022,159,0.015,93,0.014
Arcanine,59,Fire,None,555,90,110,80,100,80,95,1,False,148,0.22962,21098,2.016,14174,2.191
Sceptile,254,Grass,None,530,70,85,65,105,85,120,3,False,208,0.10691,9609,0.918,5762,0.891
BeedrillMega,15,Bug,Poison,495,65,150,40,15,80,145,1,False,144,0.25721,17815,1.702,11335,1.752
Growlithe,58,Fire,None,350,55,70,45,70,50,60,1,False,832,0.00009,141,0.013,94,0.015
Panpour,515,Water,None,316,50,53,48,53,48,64,5,False,947,0.00000,59,0.006,44,0.007
Nidoking,34,Poison,Ground,505,81,102,77,85,75,85,1,False,195,0.12406,12024,1.149,7835,1.211
Psyduck,54,Water,None,320,50,52,48,65,50,55,1,False,681,0.00084,418,0.040,211,0.033
Golurk,623,Ground,Ghost,483,89,124,80,55,80,55,5,False,392,0.01991,4200,0.401,2849,0.440
NidoranM,32,Poison,None,273,46,57,40,40,40,50,1,False,849,0.00006,51,0.005,39,0.006
Houndour,228,Dark,Fire,330,45,60,30,80,50,65,2,False,719,0.00051,67,0.006,52,0.008
Dedenne,702,Electric,Fairy,431,67,58,57,81,67,101,6,False,507,0.00638,3074,0.294,1853,0.286
Staraptor,398,Normal,Flying,485,85,120,70,50,60,100,4,False,156,0.20713,16443,1.571,10559,1.632
Lickilicky,463,Normal,None,515,110,85,95,80,95,50,4,False,469,0.00937,1778,0.170,1096,0.169
Raticate,20,Normal,None,413,55,81,60,50,70,97,1,False,451,0.01125,2985,0.285,1332,0.206
Avalugg,713,Ice,None,514,95,117,184,44,46,28,6,False,358,0.02610,2925,0.279,1804,0.279
Feebas,349,Water,None,200,20,15,20,10,55,80,3,False,798,0.00014,264,0.025,117,0.018
Omanyte,138,Rock,Water,355,35,40,100,90,55,35,1,False,577,0.00248,350,0.033,252,0.039
Delibird,225,Ice,Flying,330,45,55,45,65,45,75,2,False,551,0.00386,1042,0.100,511,0.079
Turtwig,387,Grass,None,318,55,68,64,45,55,31,4,False,682,0.00082,155,0.015,110,0.017
Beedrill,15,Bug,Poison,395,65,90,40,45,80,75,1,False,619,0.00161,1456,0.139,823,0.127
Medicham,308,Fighting,Psychic,410,60,60,75,60,75,80,3,False,310,0.03785,2251,0.215,1383,0.214
Slugma,218,Fire,None,250,40,40,40,70,40,20,2,False,868,0.00004,120,0.011,91,0.014
Mr. Mime,122,Psychic,Fairy,460,40,45,65,100,120,90,1,False,45,1.87831,6980,0.667,3660,0.566
Surskit,283,Bug,Water,269,40,30,32,50,52,65,3,False,837,0.00009,250,0.024,180,0.028
Simisage,512,Grass,None,498,75,98,63,98,63,101,5,False,657,0.00108,1105,0.106,607,0.094
Cottonee,546,Grass,Fairy,280,40,27,60,37,50,66,5,False,176,0.16421,5462,0.522,3284,0.508
Togetic,176,Fairy,Flying,405,55,40,85,80,105,40,2,False,465,0.00948,1118,0.107,649,0.100
Noctowl,164,Normal,Flying,442,100,50,50,76,96,70,2,False,582,0.00235,2208,0.211,1508,0.233
Bibarel,400,Normal,Water,410,79,85,60,55,60,71,4,False,274,0.05133,4921,0.470,2346,0.363
Infernape,392,Fire,Fighting,534,76,104,71,104,71,108,4,False,131,0.28672,27945,2.670,18817,2.909
LandorusIncarnate,645,Ground,Flying,600,89,125,90,115,80,101,5,True,122,0.32022,5936,0.567,3822,0.591
Cinccino,573,Normal,None,470,75,95,60,65,60,115,5,False,234,0.07187,11302,1.080,7046,1.089
Togepi,175,Fairy,None,245,35,20,65,40,65,20,2,False,680,0.00087,598,0.057,217,0.034
Camerupt,323,Fire,Ground,460,70,100,70,105,75,40,3,False,399,0.01829,1269,0.121,913,0.141
Exeggutor,103,Grass,Psychic,520,95,95,85,125,65,55,1,False,350,0.02746,3322,0.317,2100,0.325
Seedot,273,Grass,None,220,40,40,50,30,30,30,3,False,605,0.00195,57,0.005,28,0.004
Sigilyph,561,Psychic,Flying,490,72,58,80,103,80,97,5,False,258,0.05853,9710,0.928,5444,0.842
Metang,375,Steel,Psychic,420,60,75,100,55,80,50,3,False,791,0.00015,263,0.025,194,0.030
Milotic,350,Water,None,540,95,60,79,100,125,81,3,False,204,0.11101,16386,1.566,10355,1.601
Chingling,433,Psychic,None,285,45,30,50,65,50,45,4,False,847,0.00007,106,0.010,56,0.009
Weepinbell,70,Grass,Poison,390,65,90,50,85,45,55,1,False,654,0.00110,127,0.012,65,0.010
Klink,599,Steel,None,300,40,55,70,45,60,30,5,False,955,0.00000,15,0.001,7,0.001
Litleo,667,Fire,Normal,369,62,50,58,73,54,72,6,False,767,0.00025,58,0.006,46,0.007
Swellow,277,Normal,Flying,430,60,85,60,50,50,125,3,False,237,0.06765,8667,0.828,5549,0.858
Mawile,303,Steel,Fairy,380,50,85,85,55,55,50,3,False,464,0.00974,1525,0.146,995,0.154
Elekid,239,Electric,None,360,45,63,37,65,55,95,2,False,845,0.00007,84,0.008,62,0.010
Larvesta,636,Bug,Fire,360,55,85,55,50,55,60,5,False,873,0.00004,26,0.002,21,0.003
Barbaracle,689,Rock,Water,500,72,105,115,54,86,68,6,False,283,0.04886,2535,0.242,1582,0.245
Empoleon,395,Water,Steel,530,84,86,88,111,101,60,4,False,243,0.06378,11611,1.109,7828,1.210
Blaziken,257,Fire,Fighting,530,80,120,70,110,70,80,3,False,80,0.88816,33019,3.155,22232,3.437
Wingull,278,Water,Flying,270,40,30,30,55,30,85,3,False,811,0.00012,65,0.006,41,0.006
Bouffalant,626,Normal,None,490,95,110,95,40,95,55,5,False,471,0.00923,1509,0.144,1000,0.155
Nincada,290,Bug,Ground,266,31,45,90,30,30,40,3,False,952,0.00000,77,0.007,52,0.008
TyranitarMega,248,Rock,Dark,700,100,164,150,95,120,71,2,False,145,0.25380,14593,1.394,9507,1.470
Voltorb,100,Electric,None,330,40,30,50,55,55,100,1,False,844,0.00007,296,0.028,114,0.018
Aerodactyl,142,Rock,Flying,515,80,105,65,60,75,130,1,False,293,0.04539,4592,0.439,3386,0.523
Hippowdon,450,Ground,None,525,108,112,118,68,72,47,4,False,167,0.18112,5601,0.535,4291,0.663
Tyrogue,236,Fighting,None,210,35,35,35,35,35,35,2,False,931,0.00001,65,0.006,55,0.009
Chandelure,609,Ghost,Fire,520,60,55,90,145,90,80,5,False,87,0.75869,18205,1.739,11792,1.823
Yamask,562,Ghost,None,303,38,30,85,55,65,30,5,False,757,0.00027,203,0.019,129,0.020
Swadloon,541,Bug,Grass,380,55,63,90,50,80,42,5,False,706,0.00059,316,0.030,229,0.035
Yanmega,469,Bug,Flying,515,86,76,86,116,56,95,4,False,315,0.03684,5220,0.499,3446,0.533
Ledyba,165,Bug,Flying,265,40,20,30,40,80,55,2,False,838,0.00009,43,0.004,37,0.006
Crustle,558,Bug,Rock,475,70,95,125,65,75,45,5,False,468,0.00939,2115,0.202,1352,0.209
Clamperl,366,Water,None,345,35,64,85,74,55,32,3,False,623,0.00158,311,0.030,215,0.033
Mewtwo,150,Psychic,None,680,106,110,90,154,90,130,1,True,32,3.42334,17693,1.691,10515,1.625
Anorith,347,Rock,Bug,355,45,95,50,40,50,75,3,False,786,0.00016,88,0.008,59,0.009
Floette,670,Fairy,None,371,54,45,47,75,98,52,6,False,916,0.00001,170,0.016,120,0.019
Bisharp,625,Dark,Steel,490,65,125,100,60,70,70,5,False,150,0.22236,21443,2.049,13691,2.116
Zapdos,145,Electric,Flying,580,90,90,85,125,90,100,1,True,135,0.27897,13112,1.253,8138,1.258
SteelixMega,208,Steel,Ground,610,75,125,230,55,95,30,2,False,405,0.01741,5876,0.561,3937,0.609
RotomFan,479,Electric,Flying,520,50,65,107,105,107,86,4,False,446,0.01186,1618,0.155,1123,0.174
Zygarde50,718,Dragon,Ground,600,108,100,121,81,95,95,6,True,13,9.78575,43544,4.161,27344,4.227
Rampardos,409,Rock,None,495,97,165,60,65,50,58,4,False,371,0.02353,3759,0.359,2107,0.326
Phantump,708,Ghost,Grass,309,43,70,48,50,60,38,6,False,846,0.00007,81,0.008,53,0.008
Flaaffy,180,Electric,None,365,70,55,55,80,60,45,2,False,632,0.00145,222,0.021,141,0.022
Roselia,315,Grass,Poison,400,50,60,45,100,80,65,3,False,631,0.00146,259,0.025,184,0.028
Shellos,422,Water,None,325,76,48,48,57,62,34,4,False,815,0.00012,97,0.009,66,0.010
Piloswine,221,Ice,Ground,450,100,100,80,60,60,50,2,False,540,0.00430,1243,0.119,821,0.127
SceptileMega,254,Grass,Dragon,630,70,110,75,145,85,145,3,False,151,0.21800,17145,1.638,10818,1.672
Magby,240,Fire,None,365,45,75,37,70,55,83,2,False,876,0.00003,90,0.009,60,0.009
Machop,66,Fighting,None,305,70,80,50,35,35,35,1,False,806,0.00013,122,0.012,94,0.015
Kingler,99,Water,None,475,55,130,115,50,50,75,1,False,524,0.00529,3106,0.297,1516,0.234
Rhyperior,464,Ground,Rock,535,115,140,130,55,55,40,4,False,325,0.03432,7147,0.683,4810,0.744
Clawitzer,693,Water,None,500,71,73,88,120,89,59,6,False,443,0.01240,3431,0.328,2218,0.343
Bonsly,438,Rock,None,290,50,80,95,10,45,10,4,False,733,0.00041,145,0.014,93,0.014
Totodile,158,Water,None,314,50,65,64,44,48,43,2,False,659,0.00104,319,0.030,233,0.036
Spritzee,682,Fairy,None,341,78,52,60,63,65,23,6,False,891,0.00003,117,0.011,78,0.012
Moltres,146,Fire,Flying,580,90,100,90,125,85,90,1,True,414,0.01634,2911,0.278,1893,0.293
Purrloin,509,Dark,None,281,41,50,37,50,37,66,5,False,549,0.00389,452,0.043,319,0.049
Whirlipede,544,Bug,Poison,360,40,55,99,40,79,47,5,False,675,0.00088,471,0.045,385,0.060
Chesnaught,652,Grass,Fighting,530,88,107,122,74,75,64,6,False,391,0.01997,5325,0.509,3595,0.556
Glaceon,471,Ice,None,525,65,60,110,130,95,65,4,False,511,0.00600,3825,0.365,2453,0.379
Meowstic,678,Psychic,None,466,74,48,76,83,81,104,6,False,375,0.02240,3757,0.359,2393,0.370
Vanillish,583,Ice,None,395,51,65,65,80,75,59,5,False,673,0.00089,96,0.009,61,0.009
Vullaby,629,Dark,Flying,370,70,55,75,45,65,60,5,False,725,0.00046,125,0.012,80,0.012
Deerling,585,Normal,Grass,335,60,60,50,40,50,75,5,False,825,0.00011,177,0.017,86,0.013
Onix,95,Rock,Ground,385,35,45,160,30,45,70,1,False,523,0.00530,1042,0.100,847,0.131
Buizel,418,Water,None,330,55,65,35,60,30,85,4,False,708,0.00058,568,0.054,432,0.067
Regirock,377,Rock,None,580,80,100,200,50,100,50,3,True,384,0.02108,2565,0.245,1432,0.221
ShayminLand,492,Grass,None,600,100,100,100,100,100,100,4,True,501,0.00700,1305,0.125,789,0.122
AbomasnowMega,460,Grass,Ice,594,90,132,105,132,105,30,4,False,387,0.02055,3813,0.364,2436,0.377
Gastly,92,Ghost,Poison,310,30,35,30,100,35,80,1,False,670,0.00090,566,0.054,347,0.054
TornadusTherian,641,Flying,None,580,79,100,80,110,90,121,5,True,357,0.02618,2601,0.249,1619,0.250
Swanna,581,Water,Flying,473,75,87,63,87,63,98,5,False,633,0.00144,991,0.095,648,0.100
Sylveon,700,Fairy,None,525,95,65,65,110,130,60,6,False,65,1.24334,22659,2.165,13521,2.090
Nidoqueen,31,Poison,Ground,505,90,92,87,75,85,76,1,False,394,0.01974,3887,0.371,2776,0.429
Klang,600,Steel,None,440,60,80,95,70,85,50,5,False,739,0.00036,91,0.009,62,0.010
Shelgon,372,Dragon,None,420,65,95,100,60,50,50,3,False,707,0.00059,204,0.019,135,0.021
Plusle,311,Electric,None,405,60,50,40,85,75,95,3,False,594,0.00209,727,0.069,465,0.072
Chikorita,152,Grass,None,318,45,49,65,49,65,45,2,False,603,0.00198,113,0.011,68,0.011
Heatmor,631,Fire,None,484,85,97,66,105,66,65,5,False,598,0.00205,743,0.071,426,0.066
Spinarak,167,Bug,Poison,250,40,60,40,40,40,30,2,False,726,0.00046,397,0.038,347,0.054
Murkrow,198,Dark,Flying,405,60,85,42,85,42,91,2,False,102,0.52295,3353,0.320,2211,0.342
Grovyle,253,Grass,None,405,50,65,45,85,65,95,3,False,620,0.00160,508,0.049,376,0.058
Snorunt,361,Ice,None,300,50,50,50,50,50,50,3,False,567,0.00283,113,0.011,95,0.015
Garbodor,569,Poison,None,474,80,95,82,60,82,75,5,False,512,0.00600,1652,0.158,1147,0.177
GiratinaOrigin,487,Ghost,Dragon,680,150,120,100,120,100,90,4,True,48,1.81870,21776,2.081,13531,2.092
Hawlucha,701,Fighting,Flying,500,78,92,75,74,63,118,6,False,174,0.16554,18149,1.734,11835,1.829
RotomMow,479,Electric,Grass,520,50,65,107,105,107,86,4,False,434,0.01325,2893,0.276,1887,0.292
Lillipup,506,Normal,None,275,45,60,45,25,45,55,5,False,805,0.00013,88,0.008,46,0.007
Raichu,26,Electric,None,485,60,90,55,90,80,110,1,False,338,0.02992,7043,0.673,4603,0.712
Kricketot,401,Bug,None,194,37,25,41,25,41,25,4,False,870,0.00004,56,0.005,45,0.007
Pignite,499,Fire,Fighting,418,90,93,55,70,55,55,5,False,759,0.00027,224,0.021,125,0.019
Arbok,24,Poison,None,438,60,85,69,65,79,80,1,False,526,0.00517,2248,0.215,1450,0.224
Honedge,679,Steel,Ghost,325,45,80,100,35,37,28,6,False,938,0.00000,97,0.009,65,0.010
Lucario,448,Fighting,Steel,525,70,110,70,115,70,90,4,False,218,0.08794,13605,1.300,8655,1.338
Dragalge,691,Poison,Dragon,494,65,75,90,97,123,44,6,False,369,0.02375,4543,0.434,2967,0.459
Fletchling,661,Normal,Flying,278,45,50,43,40,38,62,6,False,781,0.00018,152,0.015,69,0.011
LatiasMega,380,Dragon,Psychic,700,80,100,120,140,150,110,3,True,302,0.04187,2685,0.257,1603,0.248
